Afghan,100.00%,-7.05%,-0.93%,-10.21%,-9.16%,4.84%,8.00%,-9.68%,-0.29%,-7.19%,-5.33%,-9.71%,-0.96%,-4.66%,13.31%,4.98%,-3.22%,9.36%,-7.63%,4.94%,2.50%,-2.85%,-0.70%,1.21%,-1.13%,-14.14%,-13.16%,0.77%,4.00%,-5.59%,10.45%,-1.16%,-8.14%,5.29%,-10.67%,-7.14%,16.86%,14.72%,-11.31%,-1.15%,-6.76%,-6.70%,-8.38%,-4.16%,-10.80%,-10.51%,-2.28%,13.07%,11.92%,7.98%,-3.63%,-1.09%,-8.87%,7.94%,-13.68%,-6.72%,0.08%,14.43%,8.57%,-15.21%,9.52%,-10.92%,-1.53%,0.54%,-11.86%,-11.09%,7.40%,15.10%,0.95%,3.92%,-3.60%,-2.89%,13.94%,14.78%,-0.72%,-3.66%,2.29%,-11.38%,-7.48%,3.84%,2.86%,-10.12%,19.38%,-14.35%,-2.81%,-12.94%,8.81%,25.73%,-7.51%,1.35%,-6.72%,-0.59%,-3.74%,13.61%,14.70%,-9.71%,-5.20%,-13.74%,-5.90%,3.08%,-12.61%,-15.53%
African,-7.05%,100.00%,-5.86%,-12.64%,2.23%,-10.37%,-11.75%,-11.30%,8.07%,5.38%,-8.50%,3.68%,5.60%,-1.58%,-2.54%,-1.46%,-11.01%,-0.25%,-14.15%,-1.26%,9.94%,-6.24%,6.44%,-11.83%,-1.84%,-2.81%,7.07%,-4.43%,0.33%,-10.92%,-4.88%,6.20%,12.01%,-8.90%,-10.83%,-4.43%,-5.26%,-9.13%,5.15%,2.55%,-10.99%,-1.68%,8.19%,0.18%,1.69%,1.93%,-13.09%,-5.04%,-13.06%,2.78%,1.58%,9.02%,-2.94%,1.99%,-14.64%,-1.74%,-16.14%,-8.04%,-2.54%,-0.97%,-12.86%,13.94%,-10.39%,4.24%,14.00%,-0.98%,0.87%,-7.64%,-0.90%,-1.95%,0.34%,2.67%,-15.75%,-9.30%,-1.98%,15.72%,-2.70%,19.86%,8.00%,9.77%,-7.38%,2.36%,16.11%,2.79%,3.64%,0.33%,-6.07%,-5.81%,-2.16%,-2.58%,1.15%,3.04%,-14.15%,-10.44%,5.39%,-4.51%,-7.34%,-0.43%,-6.35%,1.03%,-12.66%,1.94%
American_(New),-0.93%,-5.86%,100.00%,1.14%,-0.73%,5.20%,-12.59%,-9.32%,-5.73%,1.29%,27.19%,-4.39%,-12.53%,-3.38%,0.27%,-13.96%,-8.67%,-12.94%,-13.02%,-12.26%,-8.17%,19.71%,-10.79%,-5.90%,-2.43%,4.92%,-1.47%,14.93%,10.17%,5.43%,-4.07%,-8.56%,-2.39%,8.81%,-4.38%,-11.82%,-4.72%,10.56%,-3.27%,-1.37%,-7.94%,6.18%,1.81%,5.00%,-0.56%,2.60%,16.38%,4.80%,4.83%,6.51%,3.48%,9.80%,13.46%,1.37%,-6.20%,-10.92%,1.26%,8.66%,-2.21%,-15.20%,-2.85%,19.45%,-13.04%,-4.52%,2.25%,8.03%,9.14%,-11.91%,4.90%,-1.24%,-7.87%,12.47%,-9.50%,16.91%,0.55%,-11.83%,-9.93%,-3.56%,-6.25%,-14.24%,-1.68%,0.06%,-3.15%,9.88%,-3.02%,-0.13%,-5.63%,-5.67%,1.23%,-8.73%,-3.72%,-6.77%,-0.37%,6.28%,7.51%,2.06%,-9.95%,13.81%,-3.88%,-7.32%,2.12%,-12.57%
American_(Traditional),-10.21%,-12.64%,1.14%,100.00%,23.60%,10.85%,18.22%,5.99%,-8.00%,2.94%,0.57%,-9.94%,-0.92%,0.04%,-12.90%,-12.01%,9.15%,-1.76%,11.84%,0.12%,-5.02%,-8.78%,1.92%,0.41%,7.14%,-8.30%,-5.02%,13.29%,2.07%,0.41%,-6.00%,11.50%,-3.19%,-8.20%,1.55%,-4.33%,-7.03%,6.98%,8.78%,0.99%,-11.63%,-9.48%,0.03%,32.09%,-0.18%,-8.39%,-9.34%,1.64%,-1.73%,16.10%,14.54%,0.97%,10.56%,-7.99%,21.33%,-6.22%,2.98%,9.83%,-0.98%,-12.28%,0.46%,-9.75%,-6.93%,-10.63%,1.98%,-0.65%,-9.51%,3.74%,-4.30%,-4.71%,8.09%,-1.36%,-11.66%,-6.38%,-6.28%,9.63%,-11.17%,5.39%,-11.11%,-1.73%,6.96%,4.75%,-4.25%,6.96%,-14.38%,3.25%,4.70%,-4.97%,-5.79%,-7.57%,16.81%,-0.89%,8.17%,5.86%,-2.31%,-0.74%,2.44%,1.14%,7.37%,-5.59%,3.18%,4.52%
Arabian,-9.16%,2.23%,-0.73%,23.60%,100.00%,3.45%,20.94%,-6.33%,-7.17%,10.43%,0.92%,9.35%,-6.49%,0.75%,-9.07%,2.76%,4.43%,1.93%,6.00%,5.49%,-4.47%,-8.16%,5.81%,-0.23%,4.98%,1.74%,8.54%,38.91%,-14.63%,1.27%,17.77%,-8.46%,-2.63%,-10.71%,4.00%,-12.34%,-7.67%,5.46%,4.11%,-8.74%,1.98%,0.00%,-8.67%,-7.36%,-6.49%,-4.01%,-9.23%,2.37%,-5.46%,8.10%,-10.76%,0.27%,3.94%,-4.39%,5.59%,-10.29%,6.53%,5.65%,-5.08%,2.56%,7.28%,25.74%,-6.93%,0.18%,24.97%,-7.43%,-12.47%,-3.88%,-10.89%,-3.09%,-6.81%,-7.28%,-6.52%,5.48%,15.24%,-10.76%,-8.37%,7.51%,-6.99%,7.17%,-2.79%,9.27%,6.10%,12.44%,-9.03%,-3.59%,8.28%,-1.72%,-11.94%,4.68%,26.59%,-1.88%,4.29%,-5.93%,-9.30%,-0.03%,-4.56%,15.14%,-10.52%,-5.22%,-8.36%,7.92%
Argentine,4.84%,-10.37%,5.20%,10.85%,3.45%,100.00%,16.45%,-9.28%,-12.42%,3.66%,3.18%,-5.75%,-9.20%,-3.55%,7.57%,-2.26%,26.82%,-11.84%,-2.31%,16.26%,-10.97%,-4.87%,1.28%,3.17%,12.09%,17.73%,-10.31%,-10.39%,-2.92%,14.48%,-2.04%,4.95%,-1.88%,2.07%,-10.19%,-13.08%,18.16%,3.37%,7.60%,-16.61%,-7.74%,-6.34%,4.54%,-13.26%,-1.74%,-8.45%,13.59%,-8.92%,25.32%,-5.37%,-1.52%,7.49%,-6.90%,0.54%,5.87%,4.18%,7.45%,-3.90%,-9.26%,-3.79%,9.91%,-0.31%,-1.65%,5.03%,-7.02%,9.77%,13.34%,-11.00%,-4.56%,13.66%,6.18%,9.88%,-1.38%,1.11%,-4.05%,-7.76%,-4.44%,-7.69%,-5.76%,3.49%,9.92%,-13.04%,5.08%,-13.51%,-3.98%,0.38%,-3.31%,-0.61%,8.60%,6.03%,-12.32%,1.87%,11.83%,-7.60%,28.74%,-2.40%,-12.54%,-3.57%,7.79%,-7.14%,1.01%,-3.80%
Armenian,8.00%,-11.75%,-12.59%,18.22%,20.94%,16.45%,100.00%,11.40%,-5.96%,11.68%,3.04%,-7.03%,-5.17%,16.29%,14.95%,5.19%,1.89%,4.08%,4.05%,15.63%,-4.36%,-4.32%,22.28%,-5.55%,4.33%,5.58%,-7.65%,12.43%,-9.33%,12.62%,1.83%,12.71%,7.10%,-5.83%,4.74%,-9.51%,6.62%,-6.56%,-6.23%,-6.60%,-7.71%,2.99%,4.37%,4.54%,-7.32%,13.98%,5.17%,4.15%,-2.38%,-1.17%,13.71%,13.08%,3.22%,-8.31%,4.91%,2.18%,2.58%,5.81%,3.12%,5.29%,20.30%,-8.35%,2.46%,-7.49%,-8.22%,-4.23%,-8.70%,19.23%,-7.26%,3.80%,4.28%,-3.21%,4.81%,2.97%,-8.15%,3.31%,-0.88%,-6.87%,-3.60%,-13.18%,-8.65%,-5.39%,-10.56%,-11.60%,1.16%,-4.95%,12.23%,5.80%,-10.03%,22.74%,0.90%,-6.12%,-10.79%,4.53%,-9.30%,-1.65%,7.45%,-1.01%,3.24%,8.80%,-8.18%,18.11%
Asian_Fusion,-9.68%,-11.30%,-9.32%,5.99%,-6.33%,-9.28%,11.40%,100.00%,-8.30%,14.71%,-4.77%,9.39%,-7.13%,-6.81%,9.35%,14.72%,1.38%,4.70%,0.85%,16.81%,0.64%,-6.16%,3.39%,4.47%,0.26%,8.29%,6.58%,3.31%,13.44%,3.93%,-2.22%,12.56%,8.68%,-6.08%,7.79%,3.54%,-8.12%,-6.80%,3.81%,3.44%,-7.96%,-8.42%,20.21%,0.64%,17.32%,-6.74%,-0.89%,4.55%,-7.31%,-10.15%,-1.27%,-10.10%,-8.03%,-10.77%,6.89%,2.85%,-2.57%,3.77%,11.16%,-8.43%,5.30%,0.18%,22.30%,-2.39%,-6.96%,-2.27%,-9.10%,3.36%,0.59%,-8.08%,21.63%,6.65%,6.70%,-8.03%,5.28%,-8.13%,-3.04%,-2.27%,-1.92%,-1.87%,-7.55%,-7.06%,-14.16%,12.02%,-0.82%,6.15%,-0.47%,12.85%,-7.26%,3.23%,14.26%,-2.39%,-8.81%,-10.96%,2.12%,-1.15%,7.60%,-4.92%,8.10%,-11.22%,4.65%,8.00%
Australian,-0.29%,8.07%,-5.73%,-8.00%,-7.17%,-12.42%,-5.96%,-8.30%,100.00%,-5.51%,10.96%,18.11%,28.83%,-8.76%,-1.33%,6.95%,2.54%,-4.28%,2.37%,-1.09%,4.36%,-14.89%,-1.15%,10.65%,5.46%,6.05%,0.78%,-0.19%,-2.91%,4.59%,-14.95%,12.86%,-8.95%,-8.75%,4.20%,-4.90%,9.83%,4.95%,5.32%,2.38%,8.24%,9.33%,-4.26%,-4.82%,-6.71%,8.16%,-1.97%,-2.41%,-2.91%,15.36%,-11.44%,2.72%,-1.46%,-12.28%,-3.62%,10.58%,-0.36%,-6.92%,4.48%,-15.21%,0.85%,-1.33%,-0.58%,-11.82%,1.44%,5.76%,-13.61%,-4.66%,-14.49%,12.49%,12.54%,8.76%,10.94%,19.92%,-1.31%,-4.15%,-2.36%,4.80%,17.35%,10.55%,-1.54%,14.70%,13.89%,-9.17%,11.33%,11.90%,-14.78%,-5.81%,8.45%,7.89%,-2.81%,23.78%,-6.36%,-8.43%,-2.52%,-0.33%,2.90%,13.14%,-6.94%,17.62%,10.49%,6.93%
Austrian,-7.19%,5.38%,1.29%,2.94%,10.43%,3.66%,11.68%,14.71%,-5.51%,100.00%,-10.85%,3.07%,-9.49%,11.74%,9.50%,5.32%,-5.27%,-13.12%,6.25%,15.45%,-0.86%,-6.71%,-3.03%,0.51%,-11.12%,3.10%,21.73%,2.94%,-1.60%,12.98%,-1.39%,12.73%,1.29%,1.28%,18.00%,0.42%,-2.59%,-3.65%,-6.28%,-8.15%,0.10%,3.65%,3.75%,-5.80%,-5.19%,-5.84%,3.14%,15.04%,-11.32%,-7.24%,-6.19%,-6.69%,8.61%,-0.41%,2.47%,12.13%,0.82%,6.65%,13.55%,-15.01%,1.79%,-4.28%,-3.68%,-17.32%,-4.18%,-0.44%,-5.89%,1.85%,8.92%,-1.07%,5.77%,-6.21%,5.83%,-3.25%,5.36%,-1.17%,6.58%,11.32%,15.26%,8.55%,13.10%,0.01%,-10.73%,10.73%,1.54%,-10.66%,-2.33%,-5.10%,-7.01%,-3.13%,25.12%,-4.89%,-12.85%,-3.96%,0.59%,-0.33%,-13.09%,-7.48%,4.75%,3.22%,-5.23%,-8.53%
Bangladeshi,-5.33%,-8.50%,27.19%,0.57%,0.92%,3.18%,3.04%,-4.77%,10.96%,-10.85%,100.00%,11.05%,-8.79%,-8.34%,-6.08%,-3.42%,-2.74%,4.67%,-1.76%,-16.96%,3.26%,-13.13%,3.20%,11.37%,2.51%,5.27%,17.48%,2.19%,-11.26%,-3.21%,5.86%,-3.76%,-0.15%,7.58%,5.40%,-6.97%,-12.75%,-9.93%,11.04%,0.99%,-2.57%,-1.44%,-9.21%,-1.54%,3.33%,6.51%,-11.71%,3.56%,15.81%,-10.07%,15.77%,-6.07%,-3.51%,0.57%,-5.01%,-1.91%,4.70%,-0.28%,4.34%,-10.95%,-7.93%,2.76%,-14.02%,-1.85%,-0.56%,1.52%,7.97%,-12.51%,6.44%,15.67%,-9.02%,-3.31%,-3.15%,23.04%,1.93%,-3.93%,-9.17%,1.23%,-6.32%,4.22%,6.82%,-9.95%,6.33%,3.53%,-14.37%,17.58%,-3.34%,1.43%,19.68%,-9.72%,4.97%,-4.86%,12.99%,4.91%,-2.21%,-1.16%,-10.31%,6.91%,-2.42%,8.14%,37.11%,12.64%
Barbeque,-9.71%,3.68%,-4.39%,-9.94%,9.35%,-5.75%,-7.03%,9.39%,18.11%,3.07%,11.05%,100.00%,-3.46%,-9.25%,13.31%,3.93%,9.13%,-5.73%,-0.95%,9.91%,-5.87%,-6.55%,5.82%,11.30%,0.53%,11.01%,7.46%,14.05%,-10.97%,-9.11%,-8.96%,-8.15%,-8.61%,-9.42%,3.62%,0.67%,-13.11%,7.77%,20.02%,-8.56%,1.24%,-11.91%,-8.59%,-7.54%,-6.23%,-5.70%,-10.13%,-5.66%,-3.40%,7.89%,-7.14%,3.45%,3.91%,-7.29%,-5.74%,5.42%,-6.04%,1.63%,1.08%,-2.70%,-3.19%,0.61%,-12.08%,0.32%,11.37%,-4.94%,-5.73%,-9.48%,-7.56%,5.80%,-11.52%,-9.30%,8.66%,8.70%,-7.31%,-13.79%,7.30%,-8.76%,-2.94%,5.19%,-5.87%,8.07%,10.80%,-4.65%,2.65%,-1.65%,-8.66%,16.92%,-3.97%,-6.16%,-5.29%,-1.29%,-5.47%,-12.51%,-8.67%,-14.55%,-8.10%,16.90%,0.49%,-10.75%,4.62%,-5.63%
Basque,-0.96%,5.60%,-12.53%,-0.92%,-6.49%,-9.20%,-5.17%,-7.13%,28.83%,-9.49%,-8.79%,-3.46%,100.00%,-4.64%,0.02%,15.79%,5.24%,-6.42%,-8.58%,2.34%,3.39%,13.02%,-10.09%,-4.46%,-2.55%,-0.35%,-5.50%,-13.45%,-12.23%,-1.83%,-0.97%,4.29%,-1.55%,-15.11%,6.28%,5.69%,14.14%,-0.92%,-8.33%,8.44%,-3.67%,7.15%,-14.43%,-14.04%,-8.83%,16.89%,-12.69%,10.16%,-4.83%,11.86%,9.45%,-4.57%,5.08%,0.49%,-10.61%,7.08%,0.85%,11.84%,-3.06%,-1.81%,6.46%,3.88%,-11.68%,-2.14%,2.70%,7.31%,-0.13%,-4.63%,-11.22%,-2.72%,5.15%,16.32%,6.45%,-7.26%,-11.57%,5.78%,-1.84%,10.05%,6.87%,-5.13%,-1.91%,17.47%,7.28%,-4.23%,-0.64%,-0.99%,-5.10%,-2.63%,-5.19%,8.95%,10.03%,16.85%,-13.09%,-11.00%,-15.44%,12.00%,28.46%,-4.83%,1.66%,8.04%,-2.86%,-13.53%
Belgian,-4.66%,-1.58%,-3.38%,0.04%,0.75%,-3.55%,16.29%,-6.81%,-8.76%,11.74%,-8.34%,-9.25%,-4.64%,100.00%,13.12%,-0.21%,5.12%,1.56%,0.96%,-8.97%,10.78%,1.05%,6.11%,-0.98%,9.36%,-7.54%,-8.60%,11.25%,1.44%,12.00%,3.05%,-12.37%,1.34%,-8.16%,7.25%,-14.70%,-4.59%,7.98%,2.05%,16.47%,-5.49%,-3.33%,-0.20%,-2.10%,-8.68%,18.17%,0.82%,4.33%,-10.53%,-8.59%,-2.25%,4.13%,-5.07%,-10.05%,2.07%,-14.84%,1.07%,10.43%,-3.42%,-1.93%,-8.89%,-1.73%,14.73%,-5.19%,-9.91%,0.49%,5.47%,18.17%,-7.97%,8.49%,-3.15%,-9.59%,-13.30%,0.55%,-1.04%,5.75%,-3.93%,-11.76%,11.41%,-6.09%,14.02%,14.08%,-7.08%,-12.74%,-4.43%,3.91%,-2.73%,-12.79%,-4.97%,10.36%,7.00%,0.54%,-5.82%,15.59%,-6.35%,5.16%,-5.44%,-8.17%,-2.56%,1.26%,-0.53%,-15.16%
Brasseries,13.31%,-2.54%,0.27%,-12.90%,-9.07%,7.57%,14.95%,9.35%,-1.33%,9.50%,-6.08%,13.31%,0.02%,13.12%,100.00%,3.91%,-4.75%,-3.63%,10.16%,12.40%,3.39%,2.77%,-4.43%,6.38%,-7.11%,11.17%,4.25%,3.69%,3.43%,14.82%,5.70%,0.09%,-6.31%,9.17%,4.44%,-5.38%,19.01%,3.98%,-9.60%,-4.36%,-3.38%,7.02%,2.35%,-12.17%,-4.54%,1.35%,13.08%,-5.53%,-8.29%,-3.34%,-10.99%,-6.46%,14.17%,-11.07%,-11.49%,-5.17%,-0.15%,15.69%,3.41%,2.84%,0.64%,-14.17%,-0.88%,-5.53%,-9.49%,-2.52%,0.48%,-9.99%,-14.28%,2.58%,-1.09%,-4.84%,-4.63%,-5.62%,1.07%,-11.41%,-2.91%,-13.15%,1.33%,7.96%,12.66%,0.18%,4.23%,-12.51%,14.69%,-3.10%,-4.66%,8.15%,-8.25%,13.97%,-3.62%,0.52%,2.16%,3.43%,4.62%,-14.74%,7.68%,-8.19%,8.69%,-8.85%,-9.06%,-5.64%
Brazilian,4.98%,-1.46%,-13.96%,-12.01%,2.76%,-2.26%,5.19%,14.72%,6.95%,5.32%,-3.42%,3.93%,15.79%,-0.21%,3.91%,100.00%,-2.55%,2.43%,-5.82%,6.45%,-9.80%,-9.40%,-0.92%,6.16%,1.46%,-1.12%,-8.52%,-0.70%,-1.91%,-5.99%,2.31%,0.20%,-15.12%,-10.02%,11.22%,-0.90%,6.35%,-10.73%,0.47%,0.17%,-1.92%,-8.61%,-15.91%,-8.68%,-6.98%,4.65%,2.68%,12.21%,7.63%,-7.67%,7.11%,-5.60%,-13.35%,-8.69%,-0.48%,6.63%,-4.07%,-1.76%,12.45%,3.86%,4.47%,-4.30%,-11.61%,-14.55%,9.74%,10.97%,1.34%,-0.06%,-5.06%,-7.26%,-3.28%,8.20%,-2.64%,-5.15%,9.31%,8.81%,-11.61%,-4.83%,15.22%,-1.45%,9.29%,21.39%,-8.36%,-1.20%,21.19%,-11.66%,6.93%,7.08%,-5.63%,10.98%,8.59%,2.73%,-3.18%,-11.95%,0.54%,-7.53%,4.03%,-9.68%,-10.80%,31.80%,-12.16%,-1.97%
Breakfast_&_Brunch,-3.22%,-11.01%,-8.67%,9.15%,4.43%,26.82%,1.89%,1.38%,2.54%,-5.27%,-2.74%,9.13%,5.24%,5.12%,-4.75%,-2.55%,100.00%,-1.96%,-11.21%,6.91%,-0.06%,3.51%,-1.63%,4.05%,3.57%,-7.41%,0.61%,-2.36%,-5.56%,6.98%,-4.57%,1.74%,-5.38%,-10.90%,0.33%,-10.45%,0.05%,6.17%,-1.50%,-14.79%,-11.54%,-12.86%,-3.55%,-15.70%,10.62%,-10.51%,-10.11%,-4.86%,-10.43%,-2.97%,-13.01%,-1.62%,-3.84%,-6.00%,11.99%,-10.62%,-12.18%,4.22%,-7.29%,-6.31%,-2.25%,16.64%,6.94%,-12.94%,-4.43%,3.32%,-7.49%,-5.54%,-10.76%,-2.98%,-6.03%,-0.36%,-12.17%,2.24%,-10.64%,-10.74%,11.24%,0.12%,-4.49%,-4.28%,3.45%,-3.38%,-10.57%,-13.54%,7.09%,4.61%,-5.89%,1.53%,-0.20%,1.29%,-6.17%,5.65%,-4.66%,-16.42%,-3.02%,-7.56%,5.15%,-3.54%,3.23%,-8.05%,-5.29%,-13.04%
British,9.36%,-0.25%,-12.94%,-1.76%,1.93%,-11.84%,4.08%,4.70%,-4.28%,-13.12%,4.67%,-5.73%,-6.42%,1.56%,-3.63%,2.43%,-1.96%,100.00%,5.07%,7.27%,12.00%,-7.36%,8.27%,9.73%,4.07%,0.82%,10.77%,-0.42%,-6.24%,-3.36%,3.23%,0.57%,-0.48%,-1.39%,-7.39%,23.83%,-13.45%,-11.39%,-1.19%,4.72%,10.74%,12.38%,-0.15%,-10.11%,-1.04%,-1.92%,6.15%,10.67%,-10.18%,-13.13%,-7.73%,-1.38%,-9.60%,-9.68%,12.70%,3.12%,9.50%,-0.59%,1.93%,6.11%,6.05%,9.43%,9.06%,6.36%,-11.58%,-5.61%,-1.20%,9.85%,-3.11%,-12.48%,-4.25%,-7.42%,-3.80%,-0.10%,-3.68%,28.13%,-12.23%,-12.98%,2.41%,-0.53%,-2.79%,-6.70%,1.22%,-9.88%,-13.88%,-2.27%,16.60%,7.57%,-12.23%,-1.85%,-6.96%,-1.11%,3.75%,3.84%,-1.87%,0.85%,1.36%,1.14%,10.32%,0.06%,7.20%,4.26%
Buffets,-7.63%,-14.15%,-13.02%,11.84%,6.00%,-2.31%,4.05%,0.85%,2.37%,6.25%,-1.76%,-0.95%,-8.58%,0.96%,10.16%,-5.82%,-11.21%,5.07%,100.00%,-1.55%,2.83%,-10.25%,12.49%,8.60%,21.52%,-11.82%,6.30%,-11.16%,-8.66%,7.10%,23.70%,-4.39%,-5.40%,-13.24%,8.05%,2.98%,5.70%,-13.96%,10.07%,-15.90%,30.92%,2.26%,9.15%,7.70%,-9.31%,-0.17%,11.21%,-9.53%,-0.04%,-2.05%,-1.17%,-4.62%,4.22%,-9.25%,-2.81%,13.47%,1.54%,-0.52%,11.75%,-3.39%,1.20%,-3.45%,2.86%,5.05%,-7.80%,2.22%,-11.48%,-6.38%,7.13%,14.04%,19.24%,-15.58%,-6.14%,-8.50%,3.66%,7.11%,1.83%,20.01%,-1.68%,-5.54%,3.36%,11.23%,-6.91%,-10.77%,8.24%,-2.02%,21.99%,-6.98%,-9.26%,1.88%,13.59%,1.36%,-2.97%,4.08%,2.91%,-9.69%,18.46%,-6.45%,14.94%,-5.45%,12.88%,15.60%
Burgers,4.94%,-1.26%,-12.26%,0.12%,5.49%,16.26%,15.63%,16.81%,-1.09%,15.45%,-16.96%,9.91%,2.34%,-8.97%,12.40%,6.45%,6.91%,7.27%,-1.55%,100.00%,-5.17%,-7.80%,12.98%,5.44%,-0.80%,-1.08%,-1.17%,-11.15%,-8.50%,15.14%,4.92%,3.63%,5.18%,-10.06%,-5.55%,-2.89%,12.20%,-3.83%,-12.72%,-9.73%,-9.22%,1.67%,5.57%,-9.56%,-7.09%,11.20%,-8.29%,-8.64%,4.35%,-8.09%,-11.88%,-0.51%,0.87%,0.13%,0.43%,-14.74%,-0.44%,13.08%,-10.33%,5.67%,22.00%,-12.52%,6.80%,-9.03%,-10.44%,-3.32%,-4.97%,-11.84%,20.77%,0.42%,1.95%,-8.05%,0.55%,-9.59%,-8.96%,-10.34%,2.80%,-12.60%,-14.58%,12.18%,1.42%,-9.22%,-11.00%,-6.71%,5.91%,-2.80%,-1.55%,-2.17%,-16.39%,-8.55%,10.65%,-7.27%,4.47%,-2.18%,15.24%,5.64%,-1.68%,-8.56%,-9.72%,-11.25%,-5.52%,-9.33%
Burmese,2.50%,9.94%,-8.17%,-5.02%,-4.47%,-10.97%,-4.36%,0.64%,4.36%,-0.86%,3.26%,-5.87%,3.39%,10.78%,3.39%,-9.80%,-0.06%,12.00%,2.83%,-5.17%,100.00%,-5.48%,30.73%,-12.14%,-5.10%,-7.24%,3.46%,-4.96%,-6.49%,-1.29%,17.69%,12.17%,-13.43%,9.76%,-5.62%,5.65%,-5.54%,-7.19%,-5.95%,-6.95%,-8.53%,4.88%,-10.06%,1.37%,-4.25%,6.55%,15.50%,2.42%,4.39%,-7.04%,14.05%,-9.62%,4.15%,-0.15%,29.37%,2.13%,21.81%,-7.41%,4.34%,-8.02%,8.75%,0.22%,-6.78%,-1.14%,-5.50%,-12.45%,-10.81%,-6.20%,-10.54%,0.91%,3.22%,-12.22%,4.95%,8.34%,-9.81%,5.21%,2.30%,4.37%,12.59%,-2.41%,11.44%,-5.61%,13.96%,1.69%,-8.55%,5.51%,3.94%,8.35%,-4.35%,-9.45%,4.89%,-8.36%,11.21%,-5.75%,-14.21%,3.22%,-7.31%,-7.03%,5.22%,-3.53%,2.27%,11.20%
Cafes,-2.85%,-6.24%,19.71%,-8.78%,-8.16%,-4.87%,-4.32%,-6.16%,-14.89%,-6.71%,-13.13%,-6.55%,13.02%,1.05%,2.77%,-9.40%,3.51%,-7.36%,-10.25%,-7.80%,-5.48%,100.00%,-9.76%,-0.10%,-0.20%,-8.84%,12.57%,-13.64%,13.16%,0.18%,-7.05%,-8.83%,20.56%,-5.68%,-5.27%,14.42%,1.00%,-12.31%,-8.63%,3.26%,3.41%,2.36%,8.49%,-9.45%,-9.49%,0.48%,-5.66%,-1.89%,-7.19%,13.76%,3.23%,22.53%,-10.35%,29.48%,4.71%,-6.85%,-8.89%,-3.42%,0.99%,-1.24%,-2.02%,3.30%,14.08%,-10.20%,5.87%,-3.80%,4.45%,3.00%,-6.63%,-7.79%,-10.86%,24.28%,-3.58%,-12.33%,0.73%,1.81%,-5.23%,-4.41%,2.08%,-8.22%,6.51%,-9.56%,-5.80%,2.10%,9.88%,-5.98%,1.76%,6.09%,-16.21%,-8.82%,-8.66%,-1.95%,0.55%,-10.80%,-6.10%,-3.26%,-12.07%,-11.33%,10.84%,-12.32%,-17.22%,-9.78%
Cafeteria,-0.70%,6.44%,-10.79%,1.92%,5.81%,1.28%,22.28%,3.39%,-1.15%,-3.03%,3.20%,5.82%,-10.09%,6.11%,-4.43%,-0.92%,-1.63%,8.27%,12.49%,12.98%,30.73%,-9.76%,100.00%,-9.69%,11.04%,19.44%,11.50%,6.86%,-11.92%,-0.72%,20.01%,17.26%,-0.60%,-10.53%,-12.40%,-14.08%,-10.10%,-7.40%,-0.49%,-7.76%,-5.79%,7.46%,-4.60%,9.75%,7.43%,14.10%,12.05%,-5.07%,6.79%,-8.99%,10.00%,-13.22%,11.98%,-11.91%,8.47%,-10.04%,23.03%,4.84%,-0.97%,2.51%,11.43%,6.89%,1.74%,7.63%,3.75%,5.35%,-11.47%,13.49%,1.59%,-11.50%,14.49%,-5.03%,-14.33%,10.73%,-12.03%,-5.67%,1.36%,-7.43%,-1.47%,-1.57%,-2.47%,5.84%,7.96%,-10.93%,3.74%,6.70%,12.92%,1.38%,-13.10%,2.22%,1.58%,-8.91%,5.57%,-3.85%,-12.12%,-8.08%,1.14%,8.09%,-8.69%,-4.89%,6.28%,17.20%
Cajun/Creole,1.21%,-11.83%,-5.90%,0.41%,-0.23%,3.17%,-5.55%,4.47%,10.65%,0.51%,11.37%,11.30%,-4.46%,-0.98%,6.38%,6.16%,4.05%,9.73%,8.60%,5.44%,-12.14%,-0.10%,-9.69%,100.00%,-3.26%,15.64%,3.23%,-3.06%,3.07%,9.84%,-10.89%,-3.32%,7.07%,14.84%,2.68%,-4.49%,7.09%,-8.93%,7.75%,-4.32%,14.37%,-7.41%,17.23%,-9.04%,-14.71%,-4.76%,-3.56%,6.39%,-5.86%,-7.77%,-8.55%,0.70%,-6.15%,8.89%,-6.34%,4.82%,-6.98%,3.37%,-6.74%,-13.48%,-11.27%,2.73%,1.59%,-6.34%,-8.01%,2.38%,-7.61%,6.59%,-2.75%,2.68%,4.15%,-2.71%,-4.06%,-12.53%,8.01%,-8.48%,-1.03%,1.03%,1.83%,-0.71%,4.11%,-4.07%,-10.41%,-17.91%,-0.17%,1.91%,-12.89%,-17.59%,-5.35%,0.70%,7.36%,21.00%,9.49%,1.31%,-0.45%,-10.70%,2.44%,22.16%,0.50%,4.68%,1.32%,0.25%
Cambodian,-1.13%,-1.84%,-2.43%,7.14%,4.98%,12.09%,4.33%,0.26%,5.46%,-11.12%,2.51%,0.53%,-2.55%,9.36%,-7.11%,1.46%,3.57%,4.07%,21.52%,-0.80%,-5.10%,-0.20%,11.04%,-3.26%,100.00%,24.42%,-8.63%,-2.10%,-10.98%,-0.11%,-2.61%,-0.70%,-11.84%,0.45%,0.50%,-13.49%,11.54%,-8.04%,14.63%,2.96%,15.35%,-14.37%,-4.71%,-3.47%,8.14%,2.77%,7.06%,-2.33%,-4.26%,1.22%,14.50%,5.52%,-2.74%,-0.94%,-6.05%,7.91%,-10.21%,9.75%,2.00%,2.58%,0.36%,-1.80%,-0.45%,13.99%,15.63%,16.61%,-12.59%,0.45%,-12.33%,16.61%,15.28%,-5.27%,-4.57%,-8.17%,-5.38%,12.72%,1.50%,19.35%,-3.77%,-5.96%,8.67%,32.41%,14.68%,-2.31%,3.67%,20.90%,-6.86%,-0.43%,-7.09%,-6.95%,-8.20%,-6.62%,17.59%,8.85%,-1.06%,-13.76%,17.29%,19.55%,13.52%,2.65%,-6.23%,-6.81%
Catalan,-14.14%,-2.81%,4.92%,-8.30%,1.74%,17.73%,5.58%,8.29%,6.05%,3.10%,5.27%,11.01%,-0.35%,-7.54%,11.17%,-1.12%,-7.41%,0.82%,-11.82%,-1.08%,-7.24%,-8.84%,19.44%,15.64%,24.42%,100.00%,-12.02%,16.91%,-0.66%,-10.67%,-2.14%,-3.58%,-3.32%,19.12%,1.33%,3.19%,-2.00%,12.81%,9.20%,10.92%,4.12%,2.36%,8.38%,-2.61%,-4.15%,10.15%,7.87%,-10.95%,3.33%,-8.85%,7.09%,-1.53%,15.56%,-10.46%,-10.30%,6.26%,-2.56%,3.00%,7.37%,12.05%,3.95%,10.49%,-10.74%,12.10%,16.72%,22.52%,4.34%,-4.69%,-11.40%,-9.14%,8.50%,7.12%,4.62%,-10.78%,-2.17%,-12.84%,1.20%,-2.09%,5.89%,-0.98%,8.96%,4.31%,27.51%,-10.48%,-7.08%,11.16%,-11.84%,-11.48%,9.28%,1.17%,-11.39%,4.11%,22.45%,-9.63%,-11.93%,-11.23%,16.48%,35.12%,-7.53%,-5.89%,13.09%,-2.50%
Cheesesteaks,-13.16%,7.07%,-1.47%,-5.02%,8.54%,-10.31%,-7.65%,6.58%,0.78%,21.73%,17.48%,7.46%,-5.50%,-8.60%,4.25%,-8.52%,0.61%,10.77%,6.30%,-1.17%,3.46%,12.57%,11.50%,3.23%,-8.63%,-12.02%,100.00%,-9.28%,1.48%,-4.58%,-9.90%,4.04%,2.24%,-1.08%,0.63%,9.96%,-12.24%,-4.26%,5.09%,-7.98%,17.83%,8.74%,11.41%,-9.19%,14.79%,-7.30%,-7.41%,-10.29%,-9.16%,-12.10%,-3.01%,-7.87%,2.13%,1.06%,8.24%,-0.03%,9.34%,18.43%,0.63%,-2.39%,-10.74%,7.35%,0.27%,3.71%,18.37%,2.91%,-11.34%,-12.06%,1.23%,1.11%,-6.31%,-3.68%,-3.64%,22.15%,14.98%,-9.35%,-5.94%,-8.84%,13.42%,30.10%,3.08%,-7.87%,-5.41%,-1.50%,5.61%,3.60%,0.80%,13.29%,-6.55%,-0.85%,9.49%,-4.44%,4.11%,5.84%,3.96%,-6.41%,-12.23%,-6.21%,8.49%,-3.60%,17.61%,1.46%
Chicken_Wings,0.77%,-4.43%,14.93%,13.29%,38.91%,-10.39%,12.43%,3.31%,-0.19%,2.94%,2.19%,14.05%,-13.45%,11.25%,3.69%,-0.70%,-2.36%,-0.42%,-11.16%,-11.15%,-4.96%,-13.64%,6.86%,-3.06%,-2.10%,16.91%,-9.28%,100.00%,11.52%,-4.64%,7.82%,-9.80%,1.31%,8.17%,7.39%,-2.08%,-17.38%,9.93%,11.30%,7.75%,-9.74%,-6.28%,0.13%,11.88%,-10.59%,-10.25%,-1.27%,5.44%,-4.52%,12.44%,-3.31%,2.14%,4.84%,-9.14%,-2.76%,-16.95%,0.89%,8.20%,-4.49%,-10.40%,-11.45%,4.56%,0.45%,-1.60%,19.14%,-11.67%,-9.32%,9.03%,-12.37%,-3.25%,2.17%,4.63%,-2.10%,19.16%,3.49%,-12.90%,3.93%,-2.90%,-8.89%,24.59%,-15.85%,10.97%,1.87%,-5.50%,-13.79%,-8.44%,3.84%,-15.16%,-16.15%,11.29%,6.04%,22.57%,1.84%,5.74%,-7.25%,10.31%,-2.44%,18.70%,-5.72%,1.28%,-0.66%,-4.86%
Chinese,4.00%,0.33%,10.17%,2.07%,-14.63%,-2.92%,-9.33%,13.44%,-2.91%,-1.60%,-11.26%,-10.97%,-12.23%,1.44%,3.43%,-1.91%,-5.56%,-6.24%,-8.66%,-8.50%,-6.49%,13.16%,-11.92%,3.07%,-10.98%,-0.66%,1.48%,11.52%,100.00%,-12.08%,-13.62%,-1.51%,22.12%,9.84%,7.64%,5.96%,-6.98%,3.50%,15.63%,9.14%,-8.99%,-9.89%,23.82%,8.59%,-8.43%,-8.26%,-6.39%,4.29%,-6.03%,2.46%,10.36%,11.61%,1.31%,13.03%,-7.65%,-9.04%,-12.26%,-16.95%,3.51%,1.66%,1.93%,10.15%,17.59%,-2.02%,-8.69%,-7.71%,15.04%,-9.37%,-4.38%,0.59%,3.85%,9.67%,-8.29%,12.48%,15.92%,-2.76%,7.09%,-5.26%,-13.77%,-2.93%,-11.00%,-8.05%,5.06%,14.14%,-13.03%,-6.31%,-2.79%,-0.85%,-8.39%,1.54%,-12.72%,3.93%,-11.69%,-0.30%,1.17%,4.50%,-8.04%,-11.06%,2.91%,-8.15%,-0.97%,-10.87%
Comfort_Food,-5.59%,-10.92%,5.43%,0.41%,1.27%,14.48%,12.62%,3.93%,4.59%,12.98%,-3.21%,-9.11%,-1.83%,12.00%,14.82%,-5.99%,6.98%,-3.36%,7.10%,15.14%,-1.29%,0.18%,-0.72%,9.84%,-0.11%,-10.67%,-4.58%,-4.64%,-12.08%,100.00%,-8.02%,-5.04%,6.96%,-17.05%,-14.62%,5.54%,29.08%,-11.52%,-8.44%,-6.64%,5.17%,-12.07%,14.63%,-0.44%,-9.84%,5.73%,-1.97%,5.90%,-13.80%,4.13%,-15.81%,-4.89%,-9.47%,-10.53%,-11.58%,-4.16%,0.13%,10.84%,-10.74%,-0.50%,0.53%,15.90%,15.68%,6.36%,-0.81%,-9.91%,-9.55%,1.03%,15.40%,5.54%,14.17%,2.05%,-2.84%,-10.06%,-12.39%,7.82%,-1.45%,-6.08%,-5.78%,0.66%,6.14%,14.46%,-12.64%,1.95%,1.36%,-8.89%,-11.84%,-15.18%,-11.53%,0.47%,9.49%,3.76%,-12.07%,-4.31%,4.19%,-15.00%,4.66%,-3.66%,0.67%,12.58%,-8.04%,-2.64%
Creperies,10.45%,-4.88%,-4.07%,-6.00%,17.77%,-2.04%,1.83%,-2.22%,-14.95%,-1.39%,5.86%,-8.96%,-0.97%,3.05%,5.70%,2.31%,-4.57%,3.23%,23.70%,4.92%,17.69%,-7.05%,20.01%,-10.89%,-2.61%,-2.14%,-9.90%,7.82%,-13.62%,-8.02%,100.00%,-3.04%,-3.43%,-0.77%,-9.54%,0.97%,-3.37%,-2.27%,-9.47%,-0.93%,-3.30%,-13.61%,-10.62%,13.14%,-11.98%,-10.13%,11.22%,-2.83%,4.16%,-10.12%,-11.04%,-5.75%,7.03%,-0.06%,-1.97%,-12.98%,15.76%,12.01%,13.84%,4.24%,-1.17%,-5.10%,0.06%,-11.06%,6.72%,0.12%,-0.40%,5.26%,-4.74%,-1.27%,-10.77%,-13.44%,-4.60%,16.57%,-3.50%,-2.94%,-2.30%,6.76%,-10.88%,-5.32%,0.64%,-7.37%,18.31%,11.35%,-5.17%,-12.10%,4.34%,10.20%,2.17%,1.40%,5.52%,-6.74%,3.22%,-5.88%,-13.93%,5.38%,-3.42%,-10.42%,-8.19%,-6.40%,6.84%,17.86%
Cuban,-1.16%,6.20%,-8.56%,11.50%,-8.46%,4.95%,12.71%,12.56%,12.86%,12.73%,-3.76%,-8.15%,4.29%,-12.37%,0.09%,0.20%,1.74%,0.57%,-4.39%,3.63%,12.17%,-8.83%,17.26%,-3.32%,-0.70%,-3.58%,4.04%,-9.80%,-1.51%,-5.04%,-3.04%,100.00%,5.26%,0.44%,-10.56%,-14.71%,4.38%,-10.35%,-1.40%,-0.87%,-7.72%,27.30%,10.37%,5.58%,6.65%,3.33%,-12.69%,-5.46%,-0.77%,13.49%,4.21%,-8.22%,-1.20%,10.52%,23.91%,12.54%,14.69%,-4.95%,4.16%,-4.44%,27.55%,-4.57%,-0.74%,-6.56%,2.64%,-2.34%,-12.63%,8.30%,1.32%,-9.97%,18.70%,-1.64%,-2.82%,-0.10%,-5.13%,-0.99%,6.36%,7.49%,10.82%,0.51%,9.88%,14.95%,-0.56%,16.53%,12.89%,0.22%,2.18%,-3.29%,1.66%,10.05%,15.25%,4.29%,-16.49%,2.55%,0.02%,-6.09%,11.69%,-0.80%,2.25%,-1.47%,-7.47%,14.28%
Czech,-8.14%,12.01%,-2.39%,-3.19%,-2.63%,-1.88%,7.10%,8.68%,-8.95%,1.29%,-0.15%,-8.61%,-1.55%,1.34%,-6.31%,-15.12%,-5.38%,-0.48%,-5.40%,5.18%,-13.43%,20.56%,-0.60%,7.07%,-11.84%,-3.32%,2.24%,1.31%,22.12%,6.96%,-3.43%,5.26%,100.00%,10.57%,6.85%,-2.56%,-14.20%,5.74%,-12.17%,-5.31%,-14.66%,-5.61%,13.99%,11.84%,-7.96%,-0.04%,-3.97%,-6.33%,2.50%,17.08%,16.94%,15.26%,-1.93%,9.29%,-3.45%,-16.51%,-15.16%,-12.40%,-8.62%,-6.95%,-12.68%,0.53%,-0.56%,-1.63%,-2.35%,-13.09%,25.50%,4.83%,0.83%,-10.43%,-2.43%,-3.25%,-12.98%,5.54%,-1.44%,-2.48%,3.16%,-2.64%,-4.05%,6.03%,-6.06%,-9.65%,7.98%,12.67%,-8.36%,-11.57%,2.81%,-3.30%,-6.79%,1.02%,0.13%,0.31%,-7.25%,-5.33%,-8.82%,6.07%,2.43%,-11.50%,-9.76%,-10.40%,2.24%,12.51%
Delis,5.29%,-8.90%,8.81%,-8.20%,-10.71%,2.07%,-5.83%,-6.08%,-8.75%,1.28%,7.58%,-9.42%,-15.11%,-8.16%,9.17%,-10.02%,-10.90%,-1.39%,-13.24%,-10.06%,9.76%,-5.68%,-10.53%,14.84%,0.45%,19.12%,-1.08%,8.17%,9.84%,-17.05%,-0.77%,0.44%,10.57%,100.00%,-9.74%,-8.63%,-2.20%,-6.94%,-5.57%,7.66%,6.67%,-0.11%,-1.59%,18.86%,-4.71%,11.76%,15.05%,3.51%,11.88%,-9.92%,9.91%,2.56%,-7.38%,14.08%,-6.04%,6.08%,-2.22%,-0.63%,-9.18%,8.11%,-7.27%,-12.74%,4.78%,-5.84%,-3.33%,-2.24%,-2.42%,-1.67%,-7.91%,-3.88%,3.50%,3.85%,-2.70%,-4.78%,10.73%,-14.15%,-0.64%,6.97%,-1.39%,5.87%,9.24%,-14.46%,18.19%,-2.02%,0.32%,5.43%,-11.61%,5.13%,23.50%,-0.27%,-11.99%,-2.52%,22.00%,27.30%,8.34%,7.35%,0.40%,15.21%,-0.18%,-3.79%,-2.87%,-8.04%
Diners,-10.67%,-10.83%,-4.38%,1.55%,4.00%,-10.19%,4.74%,7.79%,4.20%,18.00%,5.40%,3.62%,6.28%,7.25%,4.44%,11.22%,0.33%,-7.39%,8.05%,-5.55%,-5.62%,-5.27%,-12.40%,2.68%,0.50%,1.33%,0.63%,7.39%,7.64%,-14.62%,-9.54%,-10.56%,6.85%,-9.74%,100.00%,7.71%,-15.90%,7.88%,3.53%,2.66%,17.88%,-4.19%,-9.30%,-11.58%,-8.72%,-7.24%,13.35%,-11.24%,5.97%,-12.65%,-5.42%,6.89%,10.92%,-7.01%,-0.20%,9.90%,-0.33%,-16.36%,9.66%,-8.20%,-7.02%,-15.42%,-6.11%,-7.44%,-7.20%,-8.04%,6.45%,3.13%,-9.29%,-1.05%,-1.02%,1.28%,3.44%,-10.82%,0.02%,-0.65%,-10.80%,-0.90%,2.11%,1.80%,-2.68%,3.65%,-10.16%,-0.45%,0.12%,-7.19%,1.25%,-12.30%,-3.73%,3.91%,1.16%,-12.11%,-7.01%,-13.37%,-14.94%,6.41%,-0.58%,-5.82%,10.85%,-6.15%,24.44%,1.55%
Ethiopian,-7.14%,-4.43%,-11.82%,-4.33%,-12.34%,-13.08%,-9.51%,3.54%,-4.90%,0.42%,-6.97%,0.67%,5.69%,-14.70%,-5.38%,-0.90%,-10.45%,23.83%,2.98%,-2.89%,5.65%,14.42%,-14.08%,-4.49%,-13.49%,3.19%,9.96%,-2.08%,5.96%,5.54%,0.97%,-14.71%,-2.56%,-8.63%,7.71%,100.00%,-7.72%,-14.34%,7.70%,-14.77%,23.54%,3.45%,-3.68%,1.11%,1.77%,-9.24%,-0.53%,-3.36%,-5.60%,-2.85%,-8.52%,-7.41%,-16.47%,4.24%,6.82%,0.35%,-6.68%,-0.93%,3.32%,31.68%,-0.72%,0.84%,-4.52%,14.95%,11.05%,-2.52%,-1.34%,-6.26%,3.95%,-3.57%,-4.36%,7.04%,9.48%,-12.41%,-1.02%,5.52%,5.86%,-12.32%,-5.73%,10.43%,-16.22%,-8.55%,10.47%,2.12%,-12.68%,4.46%,17.25%,-7.15%,-6.50%,-1.23%,-17.09%,-8.61%,0.69%,-15.09%,-9.72%,-4.76%,-17.25%,6.87%,16.61%,-7.23%,2.96%,-11.14%
Fast_Food,16.86%,-5.26%,-4.72%,-7.03%,-7.67%,18.16%,6.62%,-8.12%,9.83%,-2.59%,-12.75%,-13.11%,14.14%,-4.59%,19.01%,6.35%,0.05%,-13.45%,5.70%,12.20%,-5.54%,1.00%,-10.10%,7.09%,11.54%,-2.00%,-12.24%,-17.38%,-6.98%,29.08%,-3.37%,4.38%,-14.20%,-2.20%,-15.90%,-7.72%,100.00%,3.52%,-4.03%,4.26%,-6.44%,3.50%,3.78%,-3.43%,2.26%,2.47%,12.81%,7.82%,-5.49%,14.46%,-0.73%,4.39%,-9.59%,3.95%,-1.72%,11.00%,-3.63%,16.27%,-3.22%,9.29%,21.33%,7.91%,5.13%,4.24%,11.68%,-5.80%,-6.18%,-7.46%,10.61%,22.44%,2.54%,5.30%,-1.35%,-5.65%,-1.32%,8.88%,-3.11%,-2.61%,3.22%,-6.40%,16.77%,21.94%,-4.10%,-6.45%,3.13%,-11.97%,-1.22%,3.94%,12.76%,0.08%,6.20%,11.11%,2.88%,4.40%,11.61%,-13.37%,11.82%,-8.79%,1.17%,17.92%,-13.01%,-2.41%
Filipino,14.72%,-9.13%,10.56%,6.98%,5.46%,3.37%,-6.56%,-6.80%,4.95%,-3.65%,-9.93%,7.77%,-0.92%,7.98%,3.98%,-10.73%,6.17%,-11.39%,-13.96%,-3.83%,-7.19%,-12.31%,-7.40%,-8.93%,-8.04%,12.81%,-4.26%,9.93%,3.50%,-11.52%,-2.27%,-10.35%,5.74%,-6.94%,7.88%,-14.34%,3.52%,100.00%,-7.19%,2.18%,-10.76%,-3.84%,-15.04%,-8.97%,-8.77%,-5.35%,12.28%,4.95%,-9.95%,26.12%,4.91%,-10.79%,21.31%,-4.50%,-7.61%,-14.49%,15.65%,7.22%,8.29%,-11.02%,-0.51%,3.50%,-6.99%,15.01%,-2.83%,12.01%,16.60%,-9.30%,-10.42%,3.51%,-12.63%,-1.34%,12.12%,27.44%,-9.70%,-11.20%,5.63%,-8.49%,-2.09%,-5.95%,-5.62%,-4.27%,-9.65%,-0.52%,-12.71%,-4.95%,-13.47%,5.03%,3.35%,-12.82%,2.13%,-8.95%,-1.83%,6.40%,-12.55%,2.80%,-7.78%,-4.31%,-11.98%,-9.20%,15.65%,-11.58%
Fish_&_Chips,-11.31%,5.15%,-3.27%,8.78%,4.11%,7.60%,-6.23%,3.81%,5.32%,-6.28%,11.04%,20.02%,-8.33%,2.05%,-9.60%,0.47%,-1.50%,-1.19%,10.07%,-12.72%,-5.95%,-8.63%,-0.49%,7.75%,14.63%,9.20%,5.09%,11.30%,15.63%,-8.44%,-9.47%,-1.40%,-12.17%,-5.57%,3.53%,7.70%,-4.03%,-7.19%,100.00%,6.57%,-0.81%,-9.45%,11.63%,-1.70%,16.49%,-13.54%,4.08%,-10.75%,3.22%,15.09%,-11.51%,9.50%,9.00%,-15.16%,-0.47%,-2.85%,-3.86%,-2.66%,2.69%,-0.49%,2.58%,6.30%,11.18%,-0.12%,2.98%,6.27%,-2.49%,-11.80%,2.61%,24.20%,22.27%,4.09%,-3.29%,-1.34%,6.57%,-1.74%,12.84%,-0.25%,-2.65%,12.56%,-4.50%,3.23%,4.55%,-4.92%,8.58%,0.55%,-5.00%,-4.97%,6.17%,-7.53%,-10.12%,15.93%,-11.01%,-11.90%,5.32%,-6.47%,-4.12%,9.26%,16.35%,7.02%,11.38%,2.30%
Fondue,-1.15%,2.55%,-1.37%,0.99%,-8.74%,-16.61%,-6.60%,3.44%,2.38%,-8.15%,0.99%,-8.56%,8.44%,16.47%,-4.36%,0.17%,-14.79%,4.72%,-15.90%,-9.73%,-6.95%,3.26%,-7.76%,-4.32%,2.96%,10.92%,-7.98%,7.75%,9.14%,-6.64%,-0.93%,-0.87%,-5.31%,7.66%,2.66%,-14.77%,4.26%,2.18%,6.57%,100.00%,-13.47%,-8.00%,2.95%,33.42%,-8.35%,16.79%,-2.59%,5.65%,-4.48%,-5.32%,16.58%,8.00%,10.75%,0.98%,-9.30%,-2.00%,-3.06%,-5.97%,-3.09%,-4.17%,5.98%,-11.85%,0.40%,-3.16%,10.16%,12.32%,7.69%,1.32%,-12.56%,-14.90%,3.28%,-4.06%,-13.16%,2.20%,-11.45%,5.19%,-13.14%,10.59%,-5.46%,-5.10%,-6.50%,-8.04%,13.72%,4.51%,-13.25%,-11.73%,-11.51%,-6.31%,-2.86%,1.70%,-7.63%,2.16%,0.99%,-6.57%,-14.38%,-2.00%,15.36%,-3.21%,-2.86%,3.56%,9.81%,-4.48%
Food_Court,-6.76%,-10.99%,-7.94%,-11.63%,1.98%,-7.74%,-7.71%,-7.96%,8.24%,0.10%,-2.57%,1.24%,-3.67%,-5.49%,-3.38%,-1.92%,-11.54%,10.74%,30.92%,-9.22%,-8.53%,3.41%,-5.79%,14.37%,15.35%,4.12%,17.83%,-9.74%,-8.99%,5.17%,-3.30%,-7.72%,-14.66%,6.67%,17.88%,23.54%,-6.44%,-10.76%,-0.81%,-13.47%,100.00%,17.72%,8.85%,-2.73%,-7.57%,-9.68%,-9.16%,-13.39%,3.93%,-10.79%,1.21%,-11.66%,-8.28%,-7.56%,-4.08%,16.64%,-5.59%,-8.74%,12.44%,8.73%,-14.86%,-2.96%,4.89%,17.33%,6.57%,1.21%,-8.18%,-0.28%,8.58%,13.97%,-3.44%,-13.83%,0.26%,-11.48%,5.62%,-1.22%,-7.94%,-5.62%,13.27%,-2.61%,3.11%,4.44%,-4.40%,-10.91%,11.66%,3.63%,-3.53%,-8.78%,-5.10%,2.91%,0.14%,-9.54%,5.47%,3.40%,-10.30%,-2.72%,3.86%,-3.52%,16.82%,-3.86%,9.91%,-2.03%
Food_Stands,-6.70%,-1.68%,6.18%,-9.48%,0.00%,-6.34%,2.99%,-8.42%,9.33%,3.65%,-1.44%,-11.91%,7.15%,-3.33%,7.02%,-8.61%,-12.86%,12.38%,2.26%,1.67%,4.88%,2.36%,7.46%,-7.41%,-14.37%,2.36%,8.74%,-6.28%,-9.89%,-12.07%,-13.61%,27.30%,-5.61%,-0.11%,-4.19%,3.45%,3.50%,-3.84%,-9.45%,-8.00%,17.72%,100.00%,-15.78%,-9.72%,14.41%,5.79%,0.52%,-4.73%,4.24%,21.12%,-11.22%,-15.44%,-3.70%,2.32%,15.30%,-3.91%,7.78%,-14.99%,15.55%,1.95%,12.20%,4.73%,-12.72%,5.87%,-9.86%,2.24%,-1.77%,0.30%,7.24%,9.64%,-5.24%,-1.47%,12.79%,-0.50%,5.32%,-11.43%,-3.70%,-12.03%,11.40%,17.06%,8.59%,5.14%,2.74%,3.42%,19.88%,-8.55%,-7.07%,-7.69%,1.71%,17.12%,0.53%,0.38%,-6.64%,13.57%,7.05%,11.64%,8.87%,-7.79%,6.93%,17.33%,4.46%,5.41%
French,-8.38%,8.19%,1.81%,0.03%,-8.67%,4.54%,4.37%,20.21%,-4.26%,3.75%,-9.21%,-8.59%,-14.43%,-0.20%,2.35%,-15.91%,-3.55%,-0.15%,9.15%,5.57%,-10.06%,8.49%,-4.60%,17.23%,-4.71%,8.38%,11.41%,0.13%,23.82%,14.63%,-10.62%,10.37%,13.99%,-1.59%,-9.30%,-3.68%,3.78%,-15.04%,11.63%,2.95%,8.85%,-15.78%,100.00%,5.99%,-10.24%,-8.68%,-7.96%,-11.92%,-13.47%,-10.50%,4.18%,7.94%,2.05%,-3.46%,-5.97%,-7.38%,-3.89%,9.83%,-15.98%,10.94%,-2.95%,5.37%,18.78%,-3.55%,4.25%,-12.12%,-1.86%,6.60%,1.67%,-10.90%,28.62%,-6.95%,-18.80%,-3.16%,8.35%,-9.84%,-0.77%,-2.04%,7.90%,8.00%,-7.07%,1.98%,-4.30%,-2.70%,-10.36%,-13.29%,-3.93%,5.17%,1.86%,-7.37%,5.89%,33.20%,4.12%,-5.23%,9.36%,-14.76%,2.12%,8.47%,-5.74%,-9.52%,-8.73%,13.40%
Gastropubs,-4.16%,0.18%,5.00%,32.09%,-7.36%,-13.26%,4.54%,0.64%,-4.82%,-5.80%,-1.54%,-7.54%,-14.04%,-2.10%,-12.17%,-8.68%,-15.70%,-10.11%,7.70%,-9.56%,1.37%,-9.45%,9.75%,-9.04%,-3.47%,-2.61%,-9.19%,11.88%,8.59%,-0.44%,13.14%,5.58%,11.84%,18.86%,-11.58%,1.11%,-3.43%,-8.97%,-1.70%,33.42%,-2.73%,-9.72%,5.99%,100.00%,-11.85%,-0.26%,17.08%,-11.79%,6.35%,3.35%,17.08%,10.03%,16.50%,2.20%,5.22%,-5.30%,-2.19%,2.44%,15.35%,3.63%,1.90%,-11.88%,-4.66%,-9.91%,22.91%,-13.05%,-9.41%,17.26%,-11.19%,-1.52%,-1.93%,-3.47%,-13.01%,1.81%,-10.68%,-2.66%,-2.22%,9.76%,-12.32%,-5.44%,-4.77%,-5.59%,12.15%,8.90%,-13.91%,0.93%,11.63%,0.38%,-2.09%,-10.84%,0.42%,-0.94%,12.11%,3.60%,-10.62%,-1.07%,-8.93%,5.71%,-17.18%,-3.25%,1.22%,8.36%
German,-10.80%,1.69%,-0.56%,-0.18%,-6.49%,-1.74%,-7.32%,17.32%,-6.71%,-5.19%,3.33%,-6.23%,-8.83%,-8.68%,-4.54%,-6.98%,10.62%,-1.04%,-9.31%,-7.09%,-4.25%,-9.49%,7.43%,-14.71%,8.14%,-4.15%,14.79%,-10.59%,-8.43%,-9.84%,-11.98%,6.65%,-7.96%,-4.71%,-8.72%,1.77%,2.26%,-8.77%,16.49%,-8.35%,-7.57%,14.41%,-10.24%,-11.85%,100.00%,-6.08%,-3.51%,2.50%,0.28%,5.41%,-7.95%,-10.37%,-0.24%,-12.85%,16.10%,1.86%,-9.28%,-7.47%,10.28%,5.85%,0.61%,5.61%,0.64%,14.00%,-6.28%,13.52%,-9.23%,-16.20%,2.27%,-6.89%,1.07%,1.62%,1.58%,-8.80%,11.76%,-0.85%,-9.58%,-9.32%,-5.23%,18.05%,-5.45%,8.13%,-2.82%,5.39%,9.39%,15.12%,2.63%,-1.30%,7.82%,5.37%,-12.37%,-4.90%,-0.69%,-3.31%,7.82%,8.78%,8.04%,-9.59%,18.98%,6.84%,3.39%,2.22%
Gluten-Free,-10.51%,1.93%,2.60%,-8.39%,-4.01%,-8.45%,13.98%,-6.74%,8.16%,-5.84%,6.51%,-5.70%,16.89%,18.17%,1.35%,4.65%,-10.51%,-1.92%,-0.17%,11.20%,6.55%,0.48%,14.10%,-4.76%,2.77%,10.15%,-7.30%,-10.25%,-8.26%,5.73%,-10.13%,3.33%,-0.04%,11.76%,-7.24%,-9.24%,2.47%,-5.35%,-13.54%,16.79%,-9.68%,5.79%,-8.68%,-0.26%,-6.08%,100.00%,-0.56%,4.38%,1.18%,-10.46%,2.49%,-7.28%,1.81%,-1.41%,-6.18%,2.99%,2.00%,3.02%,-8.50%,15.29%,12.18%,-7.61%,-0.02%,7.82%,-6.58%,16.15%,-6.31%,-6.73%,5.76%,0.48%,-9.30%,19.38%,-2.12%,-9.10%,-9.22%,3.25%,5.10%,3.66%,-8.46%,-8.47%,2.08%,-2.97%,-9.22%,2.04%,5.62%,18.05%,13.33%,-10.91%,-6.72%,-8.58%,5.07%,-10.45%,-3.58%,13.27%,-8.83%,5.70%,22.53%,8.86%,-6.07%,11.43%,-9.80%,-10.59%
Greek,-2.28%,-13.09%,16.38%,-9.34%,-9.23%,13.59%,5.17%,-0.89%,-1.97%,3.14%,-11.71%,-10.13%,-12.69%,0.82%,13.08%,2.68%,-10.11%,6.15%,11.21%,-8.29%,15.50%,-5.66%,12.05%,-3.56%,7.06%,7.87%,-7.41%,-1.27%,-6.39%,-1.97%,11.22%,-12.69%,-3.97%,15.05%,13.35%,-0.53%,12.81%,12.28%,4.08%,-2.59%,-9.16%,0.52%,-7.96%,17.08%,-3.51%,-0.56%,100.00%,-8.44%,1.14%,3.13%,1.15%,-1.60%,9.77%,-8.68%,3.02%,5.42%,7.72%,-2.50%,9.22%,7.35%,5.83%,-12.30%,-0.61%,-7.21%,5.04%,11.03%,-6.70%,6.53%,-10.59%,9.97%,2.35%,9.77%,3.46%,-9.24%,5.97%,-1.60%,-2.10%,9.08%,8.15%,-3.28%,0.20%,-3.72%,11.86%,-6.10%,2.28%,1.74%,5.59%,-3.22%,6.09%,4.01%,-11.97%,-5.50%,22.67%,-0.72%,-1.32%,-6.97%,-3.06%,3.83%,8.77%,-4.78%,-15.75%,17.73%
Halal,13.07%,-5.04%,4.80%,1.64%,2.37%,-8.92%,4.15%,4.55%,-2.41%,15.04%,3.56%,-5.66%,10.16%,4.33%,-5.53%,12.21%,-4.86%,10.67%,-9.53%,-8.64%,2.42%,-1.89%,-5.07%,6.39%,-2.33%,-10.95%,-10.29%,5.44%,4.29%,5.90%,-2.83%,-5.46%,-6.33%,3.51%,-11.24%,-3.36%,7.82%,4.95%,-10.75%,5.65%,-13.39%,-4.73%,-11.92%,-11.79%,2.50%,4.38%,-8.44%,100.00%,-16.28%,12.49%,5.21%,-12.35%,-11.56%,10.94%,15.49%,7.97%,-1.96%,-2.69%,10.21%,-9.51%,-9.57%,15.16%,-2.92%,-11.86%,-12.44%,2.91%,1.83%,1.95%,-13.11%,-10.71%,-3.69%,8.52%,-1.04%,16.18%,-8.68%,22.86%,5.27%,20.57%,5.55%,-12.27%,11.03%,3.65%,-11.82%,15.83%,-11.83%,-2.76%,-4.21%,1.58%,-2.94%,-8.01%,7.15%,-2.73%,-2.31%,2.53%,11.95%,-5.44%,5.91%,-4.67%,5.22%,30.53%,-11.63%,-11.89%
Hawaiian,11.92%,-13.06%,4.83%,-1.73%,-5.46%,25.32%,-2.38%,-7.31%,-2.91%,-11.32%,15.81%,-3.40%,-4.83%,-10.53%,-8.29%,7.63%,-10.43%,-10.18%,-0.04%,4.35%,4.39%,-7.19%,6.79%,-5.86%,-4.26%,3.33%,-9.16%,-4.52%,-6.03%,-13.80%,4.16%,-0.77%,2.50%,11.88%,5.97%,-5.60%,-5.49%,-9.95%,3.22%,-4.48%,3.93%,4.24%,-13.47%,6.35%,0.28%,1.18%,1.14%,-16.28%,100.00%,-13.55%,8.42%,2.00%,17.54%,-0.98%,1.84%,6.13%,4.63%,-16.26%,11.65%,14.55%,28.77%,-12.40%,-6.14%,6.12%,-0.03%,-10.00%,10.32%,-9.41%,6.14%,5.57%,-11.13%,-1.25%,-2.09%,-0.74%,11.53%,-1.58%,10.12%,-12.74%,11.37%,5.72%,-0.38%,-10.75%,6.82%,2.82%,18.33%,-11.60%,11.53%,0.74%,15.57%,8.82%,-9.06%,-6.40%,11.68%,-3.20%,9.47%,14.15%,1.55%,6.88%,-9.21%,4.60%,8.30%,17.45%
Himalayan/Nepalese,7.98%,2.78%,6.51%,16.10%,8.10%,-5.37%,-1.17%,-10.15%,15.36%,-7.24%,-10.07%,7.89%,11.86%,-8.59%,-3.34%,-7.67%,-2.97%,-13.13%,-2.05%,-8.09%,-7.04%,13.76%,-8.99%,-7.77%,1.22%,-8.85%,-12.10%,12.44%,2.46%,4.13%,-10.12%,13.49%,17.08%,-9.92%,-12.65%,-2.85%,14.46%,26.12%,15.09%,-5.32%,-10.79%,21.12%,-10.50%,3.35%,5.41%,-10.46%,3.13%,12.49%,-13.55%,100.00%,-5.44%,-6.73%,-1.07%,6.21%,0.12%,-7.52%,-2.65%,-4.70%,-2.68%,-8.33%,7.29%,11.57%,0.13%,-1.04%,-5.57%,-7.56%,3.25%,-7.23%,-1.11%,10.73%,-0.77%,0.03%,-6.15%,13.93%,8.23%,-10.95%,4.05%,3.18%,-9.66%,6.23%,-11.12%,5.21%,9.60%,0.17%,2.49%,2.03%,-15.28%,-11.30%,-13.33%,4.83%,6.09%,-2.37%,-4.48%,-7.06%,7.85%,-13.33%,1.59%,0.89%,0.47%,-8.51%,-12.45%,-9.65%
Hot_Dogs,-3.63%,1.58%,3.48%,14.54%,-10.76%,-1.52%,13.71%,-1.27%,-11.44%,-6.19%,15.77%,-7.14%,9.45%,-2.25%,-10.99%,7.11%,-13.01%,-7.73%,-1.17%,-11.88%,14.05%,3.23%,10.00%,-8.55%,14.50%,7.09%,-3.01%,-3.31%,10.36%,-15.81%,-11.04%,4.21%,16.94%,9.91%,-5.42%,-8.52%,-0.73%,4.91%,-11.51%,16.58%,1.21%,-11.22%,4.18%,17.08%,-7.95%,2.49%,1.15%,5.21%,8.42%,-5.44%,100.00%,-5.53%,0.04%,10.25%,1.32%,9.79%,-1.30%,-5.83%,7.28%,0.18%,-10.02%,-12.36%,-12.28%,25.77%,11.55%,0.65%,10.79%,2.01%,-2.25%,2.96%,3.91%,-11.97%,-4.27%,-2.97%,-2.95%,-2.61%,-1.77%,14.34%,-2.14%,-13.28%,4.02%,-8.51%,5.19%,19.19%,-9.96%,8.92%,-4.94%,11.24%,14.36%,5.82%,7.77%,-9.21%,14.00%,-1.95%,-13.75%,15.99%,6.00%,-7.44%,-9.79%,6.75%,3.28%,7.88%
Hot_Pot,-1.09%,9.02%,9.80%,0.97%,0.27%,7.49%,13.08%,-10.10%,2.72%,-6.69%,-6.07%,3.45%,-4.57%,4.13%,-6.46%,-5.60%,-1.62%,-1.38%,-4.62%,-0.51%,-9.62%,22.53%,-13.22%,0.70%,5.52%,-1.53%,-7.87%,2.14%,11.61%,-4.89%,-5.75%,-8.22%,15.26%,2.56%,6.89%,-7.41%,4.39%,-10.79%,9.50%,8.00%,-11.66%,-15.44%,7.94%,10.03%,-10.37%,-7.28%,-1.60%,-12.35%,2.00%,-6.73%,-5.53%,100.00%,-11.48%,24.14%,6.30%,-9.11%,-2.19%,-10.13%,-1.36%,-14.38%,-3.15%,-4.47%,-7.32%,-14.48%,-11.32%,-10.65%,6.22%,-7.30%,-3.48%,7.68%,0.03%,10.81%,-1.56%,10.76%,-2.57%,0.80%,-4.62%,4.29%,0.72%,-3.30%,-11.17%,1.36%,1.37%,5.48%,0.69%,1.54%,4.64%,5.54%,-2.41%,4.86%,-16.57%,0.49%,-5.46%,-5.06%,-4.86%,6.16%,-0.12%,-3.25%,6.21%,-2.73%,-2.18%,8.87%
Hungarian,-8.87%,-2.94%,13.46%,10.56%,3.94%,-6.90%,3.22%,-8.03%,-1.46%,8.61%,-3.51%,3.91%,5.08%,-5.07%,14.17%,-13.35%,-3.84%,-9.60%,4.22%,0.87%,4.15%,-10.35%,11.98%,-6.15%,-2.74%,15.56%,2.13%,4.84%,1.31%,-9.47%,7.03%,-1.20%,-1.93%,-7.38%,10.92%,-16.47%,-9.59%,21.31%,9.00%,10.75%,-8.28%,-3.70%,2.05%,16.50%,-0.24%,1.81%,9.77%,-11.56%,17.54%,-1.07%,0.04%,-11.48%,100.00%,-10.29%,-2.93%,-7.92%,22.65%,1.38%,5.49%,-8.57%,10.75%,8.94%,-12.64%,-4.22%,14.47%,-0.89%,4.17%,-5.18%,-7.59%,-0.76%,-13.91%,-8.12%,2.03%,-0.57%,-4.76%,6.64%,9.30%,0.05%,-7.87%,-8.73%,-12.84%,0.80%,5.82%,1.28%,-2.30%,-10.99%,4.77%,-4.19%,-4.94%,-6.16%,-2.30%,4.70%,-0.17%,-7.33%,-10.31%,4.57%,6.33%,5.34%,-10.53%,-2.40%,12.28%,-2.23%
Iberian,7.94%,1.99%,1.37%,-7.99%,-4.39%,0.54%,-8.31%,-10.77%,-12.28%,-0.41%,0.57%,-7.29%,0.49%,-10.05%,-11.07%,-8.69%,-6.00%,-9.68%,-9.25%,0.13%,-0.15%,29.48%,-11.91%,8.89%,-0.94%,-10.46%,1.06%,-9.14%,13.03%,-10.53%,-0.06%,10.52%,9.29%,14.08%,-7.01%,4.24%,3.95%,-4.50%,-15.16%,0.98%,-7.56%,2.32%,-3.46%,2.20%,-12.85%,-1.41%,-8.68%,10.94%,-0.98%,6.21%,10.25%,24.14%,-10.29%,100.00%,1.05%,0.80%,-0.94%,-11.39%,-0.95%,-7.45%,1.72%,-4.45%,1.04%,-13.53%,5.42%,7.25%,14.91%,6.12%,-9.84%,10.03%,-10.42%,19.53%,14.32%,-9.28%,5.15%,-11.61%,0.94%,12.59%,8.89%,8.60%,1.00%,-14.89%,-5.74%,20.95%,-12.41%,1.69%,0.42%,-2.16%,-4.06%,-5.79%,-12.07%,-4.85%,1.29%,4.38%,9.16%,-2.89%,-8.36%,-4.16%,-5.56%,-8.83%,-9.55%,-7.67%
Indian,-13.68%,-14.64%,-6.20%,21.33%,5.59%,5.87%,4.91%,6.89%,-3.62%,2.47%,-5.01%,-5.74%,-10.61%,2.07%,-11.49%,-0.48%,11.99%,12.70%,-2.81%,0.43%,29.37%,4.71%,8.47%,-6.34%,-6.05%,-10.30%,8.24%,-2.76%,-7.65%,-11.58%,-1.97%,23.91%,-3.45%,-6.04%,-0.20%,6.82%,-1.72%,-7.61%,-0.47%,-9.30%,-4.08%,15.30%,-5.97%,5.22%,16.10%,-6.18%,3.02%,15.49%,1.84%,0.12%,1.32%,6.30%,-2.93%,1.05%,100.00%,0.30%,17.30%,2.68%,6.76%,-6.21%,12.94%,-7.78%,-0.15%,-2.53%,4.34%,0.84%,0.15%,-9.02%,7.01%,-10.86%,-11.99%,-3.01%,9.65%,5.59%,-1.49%,6.61%,0.07%,-0.63%,12.52%,5.67%,14.53%,5.58%,-6.72%,3.97%,-10.01%,14.97%,11.12%,-5.86%,2.44%,-6.01%,-6.93%,-3.02%,30.37%,8.34%,21.86%,14.04%,-1.49%,-6.50%,5.91%,-4.12%,-1.88%,9.90%
Indonesian,-6.72%,-1.74%,-10.92%,-6.22%,-10.29%,4.18%,2.18%,2.85%,10.58%,12.13%,-1.91%,5.42%,7.08%,-14.84%,-5.17%,6.63%,-10.62%,3.12%,13.47%,-14.74%,2.13%,-6.85%,-10.04%,4.82%,7.91%,6.26%,-0.03%,-16.95%,-9.04%,-4.16%,-12.98%,12.54%,-16.51%,6.08%,9.90%,0.35%,11.00%,-14.49%,-2.85%,-2.00%,16.64%,-3.91%,-7.38%,-5.30%,1.86%,2.99%,5.42%,7.97%,6.13%,-7.52%,9.79%,-9.11%,-7.92%,0.80%,0.30%,100.00%,-10.07%,-16.61%,5.25%,0.45%,11.93%,-7.72%,6.09%,8.04%,8.97%,-9.31%,-11.79%,2.13%,-3.80%,4.28%,-6.14%,-8.84%,25.37%,-13.74%,-3.20%,-1.88%,5.55%,28.91%,22.36%,-4.61%,7.75%,5.33%,2.34%,-0.67%,-3.92%,-10.02%,10.29%,-4.41%,26.43%,4.44%,1.07%,-0.01%,2.35%,2.56%,6.79%,-1.05%,4.27%,5.86%,31.24%,-4.76%,17.78%,-3.36%
Irish,0.08%,-16.14%,1.26%,2.98%,6.53%,7.45%,2.58%,-2.57%,-0.36%,0.82%,4.70%,-6.04%,0.85%,1.07%,-0.15%,-4.07%,-12.18%,9.50%,1.54%,-0.44%,21.81%,-8.89%,23.03%,-6.98%,-10.21%,-2.56%,9.34%,0.89%,-12.26%,0.13%,15.76%,14.69%,-15.16%,-2.22%,-0.33%,-6.68%,-3.63%,15.65%,-3.86%,-3.06%,-5.59%,7.78%,-3.89%,-2.19%,-9.28%,2.00%,7.72%,-1.96%,4.63%,-2.65%,-1.30%,-2.19%,22.65%,-0.94%,17.30%,-10.07%,100.00%,15.07%,4.77%,1.18%,1.02%,1.55%,-7.49%,-2.14%,-7.12%,9.83%,7.63%,-4.35%,-10.77%,5.81%,-4.22%,10.53%,18.26%,28.22%,-6.96%,3.14%,-2.65%,-2.37%,-0.55%,-1.73%,6.28%,-10.32%,-6.22%,-2.56%,7.88%,2.00%,2.43%,-7.65%,9.09%,6.54%,-1.16%,-2.32%,3.86%,2.23%,2.36%,8.41%,-3.47%,-6.51%,-6.73%,-5.29%,23.90%,11.67%
Italian,14.43%,-8.04%,8.66%,9.83%,5.65%,-3.90%,5.81%,3.77%,-6.92%,6.65%,-0.28%,1.63%,11.84%,10.43%,15.69%,-1.76%,4.22%,-0.59%,-0.52%,13.08%,-7.41%,-3.42%,4.84%,3.37%,9.75%,3.00%,18.43%,8.20%,-16.95%,10.84%,12.01%,-4.95%,-12.40%,-0.63%,-16.36%,-0.93%,16.27%,7.22%,-2.66%,-5.97%,-8.74%,-14.99%,9.83%,2.44%,-7.47%,3.02%,-2.50%,-2.69%,-16.26%,-4.70%,-5.83%,-10.13%,1.38%,-11.39%,2.68%,-16.61%,15.07%,100.00%,-10.26%,-1.25%,-13.65%,3.77%,7.52%,9.86%,0.21%,3.68%,0.07%,-3.03%,2.41%,0.76%,2.61%,-5.37%,2.52%,10.62%,-0.42%,-5.51%,-5.23%,-11.31%,-8.66%,-3.55%,6.88%,8.65%,-0.48%,-3.35%,0.22%,17.60%,1.75%,-3.70%,0.86%,5.07%,7.63%,0.29%,11.62%,35.38%,13.34%,0.93%,-1.74%,25.31%,-11.73%,-8.59%,-11.91%,-17.53%
Japanese,8.57%,-2.54%,-2.21%,-0.98%,-5.08%,-9.26%,3.12%,11.16%,4.48%,13.55%,4.34%,1.08%,-3.06%,-3.42%,3.41%,12.45%,-7.29%,1.93%,11.75%,-10.33%,4.34%,0.99%,-0.97%,-6.74%,2.00%,7.37%,0.63%,-4.49%,3.51%,-10.74%,13.84%,4.16%,-8.62%,-9.18%,9.66%,3.32%,-3.22%,8.29%,2.69%,-3.09%,12.44%,15.55%,-15.98%,15.35%,10.28%,-8.50%,9.22%,10.21%,11.65%,-2.68%,7.28%,-1.36%,5.49%,-0.95%,6.76%,5.25%,4.77%,-10.26%,100.00%,-3.03%,8.57%,-4.53%,-12.15%,6.76%,4.99%,10.76%,-10.39%,-14.02%,-10.77%,11.39%,-5.26%,5.10%,6.46%,-10.37%,2.70%,3.24%,-10.23%,-1.96%,10.31%,1.04%,3.84%,3.84%,-6.28%,14.98%,8.57%,-2.91%,-9.06%,2.15%,8.20%,5.44%,-5.21%,3.75%,2.13%,0.17%,-14.55%,1.57%,9.79%,-7.08%,-5.28%,14.64%,-2.65%,20.23%
Korean,-15.21%,-0.97%,-15.20%,-12.28%,2.56%,-3.79%,5.29%,-8.43%,-15.21%,-15.01%,-10.95%,-2.70%,-1.81%,-1.93%,2.84%,3.86%,-6.31%,6.11%,-3.39%,5.67%,-8.02%,-1.24%,2.51%,-13.48%,2.58%,12.05%,-2.39%,-10.40%,1.66%,-0.50%,4.24%,-4.44%,-6.95%,8.11%,-8.20%,31.68%,9.29%,-11.02%,-0.49%,-4.17%,8.73%,1.95%,10.94%,3.63%,5.85%,15.29%,7.35%,-9.51%,14.55%,-8.33%,0.18%,-14.38%,-8.57%,-7.45%,-6.21%,0.45%,1.18%,-1.25%,-3.03%,100.00%,8.04%,-2.05%,3.06%,2.39%,19.85%,3.50%,-3.25%,0.35%,-4.50%,-0.73%,-5.41%,-1.09%,-8.39%,-9.72%,2.31%,-5.09%,8.69%,-1.94%,6.22%,-6.03%,6.87%,3.65%,10.28%,9.57%,-0.04%,-9.17%,7.86%,-2.96%,11.67%,12.91%,-9.47%,-10.65%,-0.37%,-6.00%,-4.28%,-6.83%,20.77%,4.13%,-13.35%,6.12%,-13.86%,7.38%
Kosher,9.52%,-12.86%,-2.85%,0.46%,7.28%,9.91%,20.30%,5.30%,0.85%,1.79%,-7.93%,-3.19%,6.46%,-8.89%,0.64%,4.47%,-2.25%,6.05%,1.20%,22.00%,8.75%,-2.02%,11.43%,-11.27%,0.36%,3.95%,-10.74%,-11.45%,1.93%,0.53%,-1.17%,27.55%,-12.68%,-7.27%,-7.02%,-0.72%,21.33%,-0.51%,2.58%,5.98%,-14.86%,12.20%,-2.95%,1.90%,0.61%,12.18%,5.83%,-9.57%,28.77%,7.29%,-10.02%,-3.15%,10.75%,1.72%,12.94%,11.93%,1.02%,-13.65%,8.57%,8.04%,100.00%,-13.13%,3.22%,10.67%,3.91%,-6.48%,-5.22%,5.28%,1.40%,1.31%,13.52%,-7.69%,-6.22%,-9.39%,-0.52%,3.73%,17.04%,-9.35%,-1.85%,0.18%,-12.24%,17.40%,-5.67%,-13.91%,-1.12%,-4.96%,18.44%,7.50%,-0.90%,-10.39%,2.86%,8.56%,10.41%,9.88%,7.66%,-9.82%,1.84%,11.50%,1.60%,-8.90%,-13.25%,1.99%
Laotian,-10.92%,13.94%,19.45%,-9.75%,25.74%,-0.31%,-8.35%,0.18%,-1.33%,-4.28%,2.76%,0.61%,3.88%,-1.73%,-14.17%,-4.30%,16.64%,9.43%,-3.45%,-12.52%,0.22%,3.30%,6.89%,2.73%,-1.80%,10.49%,7.35%,4.56%,10.15%,15.90%,-5.10%,-4.57%,0.53%,-12.74%,-15.42%,0.84%,7.91%,3.50%,6.30%,-11.85%,-2.96%,4.73%,5.37%,-11.88%,5.61%,-7.61%,-12.30%,15.16%,-12.40%,11.57%,-12.36%,-4.47%,8.94%,-4.45%,-7.78%,-7.72%,1.55%,3.77%,-4.53%,-2.05%,-13.13%,100.00%,1.65%,-5.85%,1.28%,-1.64%,-0.71%,-8.35%,8.79%,-12.93%,-2.25%,4.39%,-3.98%,9.04%,5.70%,1.45%,-12.14%,-0.12%,-10.20%,-14.14%,-12.52%,0.85%,2.82%,2.18%,2.01%,0.58%,2.76%,-13.82%,-12.76%,3.98%,8.57%,-7.20%,-9.88%,-10.77%,-10.40%,-5.06%,-4.14%,6.25%,-18.90%,5.39%,-4.06%,-11.29%
Latin_American,-1.53%,-10.39%,-13.04%,-6.93%,-6.93%,-1.65%,2.46%,22.30%,-0.58%,-3.68%,-14.02%,-12.08%,-11.68%,14.73%,-0.88%,-11.61%,6.94%,9.06%,2.86%,6.80%,-6.78%,14.08%,1.74%,1.59%,-0.45%,-10.74%,0.27%,0.45%,17.59%,15.68%,0.06%,-0.74%,-0.56%,4.78%,-6.11%,-4.52%,5.13%,-6.99%,11.18%,0.40%,4.89%,-12.72%,18.78%,-4.66%,0.64%,-0.02%,-0.61%,-2.92%,-6.14%,0.13%,-12.28%,-7.32%,-12.64%,1.04%,-0.15%,6.09%,-7.49%,7.52%,-12.15%,3.06%,3.22%,1.65%,100.00%,0.09%,-10.44%,-12.61%,-5.07%,18.54%,15.23%,3.70%,10.03%,-0.81%,-13.49%,-3.01%,16.09%,8.32%,15.85%,12.65%,-12.54%,2.96%,0.71%,-10.50%,-10.81%,-10.39%,-5.50%,14.43%,0.41%,5.63%,0.29%,8.02%,-4.05%,2.87%,-12.95%,1.73%,11.84%,2.84%,3.78%,-5.49%,12.02%,-14.28%,-11.62%,-13.75%
Live/Raw_Food,0.54%,4.24%,-4.52%,-10.63%,0.18%,5.03%,-7.49%,-2.39%,-11.82%,-17.32%,-1.85%,0.32%,-2.14%,-5.19%,-5.53%,-14.55%,-12.94%,6.36%,5.05%,-9.03%,-1.14%,-10.20%,7.63%,-6.34%,13.99%,12.10%,3.71%,-1.60%,-2.02%,6.36%,-11.06%,-6.56%,-1.63%,-5.84%,-7.44%,14.95%,4.24%,15.01%,-0.12%,-3.16%,17.33%,5.87%,-3.55%,-9.91%,14.00%,7.82%,-7.21%,-11.86%,6.12%,-1.04%,25.77%,-14.48%,-4.22%,-13.53%,-2.53%,8.04%,-2.14%,9.86%,6.76%,2.39%,10.67%,-5.85%,0.09%,100.00%,4.07%,-9.46%,-9.76%,-11.71%,16.65%,-1.97%,7.86%,-7.77%,4.56%,0.66%,6.22%,1.99%,2.38%,-3.86%,-10.88%,-10.73%,-16.02%,15.16%,1.22%,3.08%,-6.32%,12.64%,-7.59%,-3.37%,-2.43%,-10.09%,-1.09%,0.03%,3.43%,4.14%,4.93%,10.97%,-8.63%,21.26%,22.70%,-7.97%,15.83%,-4.54%
Malaysian,-11.86%,14.00%,2.25%,1.98%,24.97%,-7.02%,-8.22%,-6.96%,1.44%,-4.18%,-0.56%,11.37%,2.70%,-9.91%,-9.49%,9.74%,-4.43%,-11.58%,-7.80%,-10.44%,-5.50%,5.87%,3.75%,-8.01%,15.63%,16.72%,18.37%,19.14%,-8.69%,-0.81%,6.72%,2.64%,-2.35%,-3.33%,-7.20%,11.05%,11.68%,-2.83%,2.98%,10.16%,6.57%,-9.86%,4.25%,22.91%,-6.28%,-6.58%,5.04%,-12.44%,-0.03%,-5.57%,11.55%,-11.32%,14.47%,5.42%,4.34%,8.97%,-7.12%,0.21%,4.99%,19.85%,3.91%,1.28%,-10.44%,4.07%,100.00%,6.73%,-7.44%,-7.58%,-11.43%,-5.43%,-3.39%,0.82%,-6.84%,-3.58%,3.37%,-7.65%,6.67%,3.04%,20.17%,12.71%,7.94%,21.50%,18.55%,-0.84%,-11.60%,-3.83%,-9.42%,-1.64%,9.67%,-10.55%,2.29%,7.68%,6.76%,-9.73%,-7.95%,-2.12%,-3.86%,7.70%,-13.25%,-4.64%,1.41%,2.45%
Mediterranean,-11.09%,-0.98%,8.03%,-0.65%,-7.43%,9.77%,-4.23%,-2.27%,5.76%,-0.44%,1.52%,-4.94%,7.31%,0.49%,-2.52%,10.97%,3.32%,-5.61%,2.22%,-3.32%,-12.45%,-3.80%,5.35%,2.38%,16.61%,22.52%,2.91%,-11.67%,-7.71%,-9.91%,0.12%,-2.34%,-13.09%,-2.24%,-8.04%,-2.52%,-5.80%,12.01%,6.27%,12.32%,1.21%,2.24%,-12.12%,-13.05%,13.52%,16.15%,11.03%,2.91%,-10.00%,-7.56%,0.65%,-10.65%,-0.89%,7.25%,0.84%,-9.31%,9.83%,3.68%,10.76%,3.50%,-6.48%,-1.64%,-12.61%,-9.46%,6.73%,100.00%,1.38%,-11.98%,-10.40%,-9.06%,-0.08%,29.93%,-0.30%,-8.41%,-8.42%,-14.70%,-6.22%,-7.93%,6.74%,-1.19%,6.78%,-6.27%,-4.94%,-9.18%,-2.22%,2.99%,2.49%,-11.64%,2.98%,5.25%,-8.85%,-8.00%,-0.51%,-1.96%,-7.21%,-14.44%,6.18%,8.31%,8.82%,-7.22%,-0.12%,-3.27%
Mexican,7.40%,0.87%,9.14%,-9.51%,-12.47%,13.34%,-8.70%,-9.10%,-13.61%,-5.89%,7.97%,-5.73%,-0.13%,5.47%,0.48%,1.34%,-7.49%,-1.20%,-11.48%,-4.97%,-10.81%,4.45%,-11.47%,-7.61%,-12.59%,4.34%,-11.34%,-9.32%,15.04%,-9.55%,-0.40%,-12.63%,25.50%,-2.42%,6.45%,-1.34%,-6.18%,16.60%,-2.49%,7.69%,-8.18%,-1.77%,-1.86%,-9.41%,-9.23%,-6.31%,-6.70%,1.83%,10.32%,3.25%,10.79%,6.22%,4.17%,14.91%,0.15%,-11.79%,7.63%,0.07%,-10.39%,-3.25%,-5.22%,-0.71%,-5.07%,-9.76%,-7.44%,1.38%,100.00%,7.21%,8.67%,5.02%,-13.42%,-4.10%,11.64%,14.20%,2.28%,3.78%,-7.50%,-9.57%,-9.62%,-4.55%,3.81%,-8.07%,8.90%,7.26%,-13.05%,-6.12%,-4.54%,-10.99%,16.48%,-1.66%,-10.74%,-9.15%,1.28%,4.19%,18.58%,7.96%,-1.80%,-15.10%,-9.01%,-12.40%,18.30%,-8.94%
Middle_Eastern,15.10%,-7.64%,-11.91%,3.74%,-3.88%,-11.00%,19.23%,3.36%,-4.66%,1.85%,-12.51%,-9.48%,-4.63%,18.17%,-9.99%,-0.06%,-5.54%,9.85%,-6.38%,-11.84%,-6.20%,3.00%,13.49%,6.59%,0.45%,-4.69%,-12.06%,9.03%,-9.37%,1.03%,5.26%,8.30%,4.83%,-1.67%,3.13%,-6.26%,-7.46%,-9.30%,-11.80%,1.32%,-0.28%,0.30%,6.60%,17.26%,-16.20%,-6.73%,6.53%,1.95%,-9.41%,-7.23%,2.01%,-7.30%,-5.18%,6.12%,-9.02%,2.13%,-4.35%,-3.03%,-14.02%,0.35%,5.28%,-8.35%,18.54%,-11.71%,-7.58%,-11.98%,7.21%,100.00%,-7.56%,2.82%,-0.95%,-10.14%,11.10%,-2.29%,0.40%,-0.77%,-4.00%,-7.16%,-2.86%,-1.20%,-5.21%,17.05%,-4.90%,-8.96%,-13.04%,-5.41%,12.27%,3.19%,-10.42%,2.14%,11.37%,4.69%,-9.28%,11.63%,0.25%,-0.15%,-6.50%,0.91%,-12.46%,21.32%,-12.33%,10.95%
Modern_European,0.95%,-0.90%,4.90%,-4.30%,-10.89%,-4.56%,-7.26%,0.59%,-14.49%,8.92%,6.44%,-7.56%,-11.22%,-7.97%,-14.28%,-5.06%,-10.76%,-3.11%,7.13%,20.77%,-10.54%,-6.63%,1.59%,-2.75%,-12.33%,-11.40%,1.23%,-12.37%,-4.38%,15.40%,-4.74%,1.32%,0.83%,-7.91%,-9.29%,3.95%,10.61%,-10.42%,2.61%,-12.56%,8.58%,7.24%,1.67%,-11.19%,2.27%,5.76%,-10.59%,-13.11%,6.14%,-1.11%,-2.25%,-3.48%,-7.59%,-9.84%,7.01%,-3.80%,-10.77%,2.41%,-10.77%,-4.50%,1.40%,8.79%,15.23%,16.65%,-11.43%,-10.40%,8.67%,-7.56%,100.00%,-11.61%,-1.97%,-8.11%,-0.67%,-3.11%,13.30%,9.57%,-9.77%,2.01%,-13.91%,-0.21%,5.88%,1.72%,7.03%,4.33%,-4.49%,-9.45%,-3.48%,-12.51%,4.37%,-10.35%,10.82%,-5.59%,-1.43%,8.37%,13.32%,0.30%,-2.69%,-11.13%,6.50%,2.85%,-1.25%,1.24%
Mongolian,3.92%,-1.95%,-1.24%,-4.71%,-3.09%,13.66%,3.80%,-8.08%,12.49%,-1.07%,15.67%,5.80%,-2.72%,8.49%,2.58%,-7.26%,-2.98%,-12.48%,14.04%,0.42%,0.91%,-7.79%,-11.50%,2.68%,16.61%,-9.14%,1.11%,-3.25%,0.59%,5.54%,-1.27%,-9.97%,-10.43%,-3.88%,-1.05%,-3.57%,22.44%,3.51%,24.20%,-14.90%,13.97%,9.64%,-10.90%,-1.52%,-6.89%,0.48%,9.97%,-10.71%,5.57%,10.73%,2.96%,7.68%,-0.76%,10.03%,-10.86%,4.28%,5.81%,0.76%,11.39%,-0.73%,1.31%,-12.93%,3.70%,-1.97%,-5.43%,-9.06%,5.02%,2.82%,-11.61%,100.00%,-3.18%,-3.40%,20.68%,2.77%,-3.46%,-13.24%,15.01%,2.00%,-2.30%,13.19%,6.38%,11.79%,-6.66%,-4.42%,5.34%,19.11%,-6.28%,3.25%,11.77%,0.10%,1.68%,4.88%,-5.17%,10.98%,13.32%,11.62%,-0.19%,-11.46%,4.04%,3.99%,4.42%,-2.21%
Moroccan,-3.60%,0.34%,-7.87%,8.09%,-6.81%,6.18%,4.28%,21.63%,12.54%,5.77%,-9.02%,-11.52%,5.15%,-3.15%,-1.09%,-3.28%,-6.03%,-4.25%,19.24%,1.95%,3.22%,-10.86%,14.49%,4.15%,15.28%,8.50%,-6.31%,2.17%,3.85%,14.17%,-10.77%,18.70%,-2.43%,3.50%,-1.02%,-4.36%,2.54%,-12.63%,22.27%,3.28%,-3.44%,-5.24%,28.62%,-1.93%,1.07%,-9.30%,2.35%,-3.69%,-11.13%,-0.77%,3.91%,0.03%,-13.91%,-10.42%,-11.99%,-6.14%,-4.22%,2.61%,-5.26%,-5.41%,13.52%,-2.25%,10.03%,7.86%,-3.39%,-0.08%,-13.42%,-0.95%,-1.97%,-3.18%,100.00%,-3.89%,-15.34%,-16.69%,0.67%,-3.94%,0.53%,20.07%,3.09%,0.42%,-12.84%,11.36%,-13.01%,4.91%,5.91%,9.88%,1.97%,-2.89%,6.41%,-14.34%,18.90%,34.02%,-5.94%,-8.13%,23.26%,-4.39%,1.59%,3.09%,-6.14%,-9.20%,-10.84%,10.76%
Pakistani,-2.89%,2.67%,12.47%,-1.36%,-7.28%,9.88%,-3.21%,6.65%,8.76%,-6.21%,-3.31%,-9.30%,16.32%,-9.59%,-4.84%,8.20%,-0.36%,-7.42%,-15.58%,-8.05%,-12.22%,24.28%,-5.03%,-2.71%,-5.27%,7.12%,-3.68%,4.63%,9.67%,2.05%,-13.44%,-1.64%,-3.25%,3.85%,1.28%,7.04%,5.30%,-1.34%,4.09%,-4.06%,-13.83%,-1.47%,-6.95%,-3.47%,1.62%,19.38%,9.77%,8.52%,-1.25%,0.03%,-11.97%,10.81%,-8.12%,19.53%,-3.01%,-8.84%,10.53%,-5.37%,5.10%,-1.09%,-7.69%,4.39%,-0.81%,-7.77%,0.82%,29.93%,-4.10%,-10.14%,-8.11%,-3.40%,-3.89%,100.00%,1.79%,-2.16%,13.49%,-1.85%,-8.25%,-1.41%,-7.08%,-4.78%,-0.66%,-10.33%,-12.77%,-3.45%,-13.58%,-6.73%,-4.85%,-7.47%,2.78%,-0.97%,-13.16%,7.42%,-3.74%,-5.45%,3.59%,4.79%,-2.14%,6.92%,4.62%,2.87%,6.30%,-3.84%
Persian/Iranian,13.94%,-15.75%,-9.50%,-11.66%,-6.52%,-1.38%,4.81%,6.70%,10.94%,5.83%,-3.15%,8.66%,6.45%,-13.30%,-4.63%,-2.64%,-12.17%,-3.80%,-6.14%,0.55%,4.95%,-3.58%,-14.33%,-4.06%,-4.57%,4.62%,-3.64%,-2.10%,-8.29%,-2.84%,-4.60%,-2.82%,-12.98%,-2.70%,3.44%,9.48%,-1.35%,12.12%,-3.29%,-13.16%,0.26%,12.79%,-18.80%,-13.01%,1.58%,-2.12%,3.46%,-1.04%,-2.09%,-6.15%,-4.27%,-1.56%,2.03%,14.32%,9.65%,25.37%,18.26%,2.52%,6.46%,-8.39%,-6.22%,-3.98%,-13.49%,4.56%,-6.84%,-0.30%,11.64%,11.10%,-0.67%,20.68%,-15.34%,1.79%,100.00%,-8.48%,-1.14%,-12.09%,2.20%,-3.01%,5.09%,13.03%,5.24%,3.41%,-6.74%,2.45%,-4.46%,-9.82%,-1.39%,0.70%,1.93%,0.94%,-8.28%,4.91%,-6.07%,2.97%,7.95%,24.96%,-11.64%,-7.65%,19.68%,8.66%,19.17%,-3.46%
Peruvian,14.78%,-9.30%,16.91%,-6.38%,5.48%,1.11%,2.97%,-8.03%,19.92%,-3.25%,23.04%,8.70%,-7.26%,0.55%,-5.62%,-5.15%,2.24%,-0.10%,-8.50%,-9.59%,8.34%,-12.33%,10.73%,-12.53%,-8.17%,-10.78%,22.15%,19.16%,12.48%,-10.06%,16.57%,-0.10%,5.54%,-4.78%,-10.82%,-12.41%,-5.65%,27.44%,-1.34%,2.20%,-11.48%,-0.50%,-3.16%,1.81%,-8.80%,-9.10%,-9.24%,16.18%,-0.74%,13.93%,-2.97%,10.76%,-0.57%,-9.28%,5.59%,-13.74%,28.22%,10.62%,-10.37%,-9.72%,-9.39%,9.04%,-3.01%,0.66%,-3.58%,-8.41%,14.20%,-2.29%,-3.11%,2.77%,-16.69%,-2.16%,-8.48%,100.00%,2.32%,-10.12%,-4.85%,2.61%,-1.68%,-10.18%,0.63%,1.77%,12.15%,-0.78%,-12.16%,-4.55%,-6.89%,7.57%,1.13%,3.69%,0.16%,-6.51%,-8.46%,10.88%,-2.56%,8.05%,-5.65%,-10.95%,-6.74%,-2.60%,22.52%,1.29%
Pizza,-0.72%,-1.98%,0.55%,-6.28%,15.24%,-4.05%,-8.15%,5.28%,-1.31%,5.36%,1.93%,-7.31%,-11.57%,-1.04%,1.07%,9.31%,-10.64%,-3.68%,3.66%,-8.96%,-9.81%,0.73%,-12.03%,8.01%,-5.38%,-2.17%,14.98%,3.49%,15.92%,-12.39%,-3.50%,-5.13%,-1.44%,10.73%,0.02%,-1.02%,-1.32%,-9.70%,6.57%,-11.45%,5.62%,5.32%,8.35%,-10.68%,11.76%,-9.22%,5.97%,-8.68%,11.53%,8.23%,-2.95%,-2.57%,-4.76%,5.15%,-1.49%,-3.20%,-6.96%,-0.42%,2.70%,2.31%,-0.52%,5.70%,16.09%,6.22%,3.37%,-8.42%,2.28%,0.40%,13.30%,-3.46%,0.67%,13.49%,-1.14%,2.32%,100.00%,-12.63%,8.64%,5.64%,-13.98%,1.71%,-8.49%,0.84%,-7.30%,4.49%,-8.66%,6.60%,-13.04%,-8.14%,16.36%,13.44%,-6.29%,14.06%,3.92%,-8.68%,33.99%,-5.52%,-11.68%,-7.10%,10.80%,-9.07%,-14.49%,15.96%
Polish,-3.66%,15.72%,-11.83%,9.63%,-10.76%,-7.76%,3.31%,-8.13%,-4.15%,-1.17%,-3.93%,-13.79%,5.78%,5.75%,-11.41%,8.81%,-10.74%,28.13%,7.11%,-10.34%,5.21%,1.81%,-5.67%,-8.48%,12.72%,-12.84%,-9.35%,-12.90%,-2.76%,7.82%,-2.94%,-0.99%,-2.48%,-14.15%,-0.65%,5.52%,8.88%,-11.20%,-1.74%,5.19%,-1.22%,-11.43%,-9.84%,-2.66%,-0.85%,3.25%,-1.60%,22.86%,-1.58%,-10.95%,-2.61%,0.80%,6.64%,-11.61%,6.61%,-1.88%,3.14%,-5.51%,3.24%,-5.09%,3.73%,1.45%,8.32%,1.99%,-7.65%,-14.70%,3.78%,-0.77%,9.57%,-13.24%,-3.94%,-1.85%,-12.09%,-10.12%,-12.63%,100.00%,-0.15%,12.18%,0.25%,-11.84%,-3.10%,6.80%,-8.87%,5.61%,2.77%,-2.57%,13.34%,8.37%,-10.48%,1.62%,-8.28%,-6.84%,3.75%,-1.79%,3.01%,-5.12%,12.63%,-5.12%,16.28%,27.65%,-9.00%,5.48%
Portuguese,2.29%,-2.70%,-9.93%,-11.17%,-8.37%,-4.44%,-0.88%,-3.04%,-2.36%,6.58%,-9.17%,7.30%,-1.84%,-3.93%,-2.91%,-11.61%,11.24%,-12.23%,1.83%,2.80%,2.30%,-5.23%,1.36%,-1.03%,1.50%,1.20%,-5.94%,3.93%,7.09%,-1.45%,-2.30%,6.36%,3.16%,-0.64%,-10.80%,5.86%,-3.11%,5.63%,12.84%,-13.14%,-7.94%,-3.70%,-0.77%,-2.22%,-9.58%,5.10%,-2.10%,5.27%,10.12%,4.05%,-1.77%,-4.62%,9.30%,0.94%,0.07%,5.55%,-2.65%,-5.23%,-10.23%,8.69%,17.04%,-12.14%,15.85%,2.38%,6.67%,-6.22%,-7.50%,-4.00%,-9.77%,15.01%,0.53%,-8.25%,2.20%,-4.85%,8.64%,-0.15%,100.00%,28.99%,7.12%,7.52%,-5.39%,-14.16%,-8.83%,-7.63%,3.05%,5.55%,-9.14%,12.40%,5.83%,-10.53%,-9.37%,21.74%,-13.52%,-11.56%,12.53%,-10.10%,3.08%,4.86%,5.75%,-8.94%,-11.87%,-12.36%
Russian,-11.38%,19.86%,-3.56%,5.39%,7.51%,-7.69%,-6.87%,-2.27%,4.80%,11.32%,1.23%,-8.76%,10.05%,-11.76%,-13.15%,-4.83%,0.12%,-12.98%,20.01%,-12.60%,4.37%,-4.41%,-7.43%,1.03%,19.35%,-2.09%,-8.84%,-2.90%,-5.26%,-6.08%,6.76%,7.49%,-2.64%,6.97%,-0.90%,-12.32%,-2.61%,-8.49%,-0.25%,10.59%,-5.62%,-12.03%,-2.04%,9.76%,-9.32%,3.66%,9.08%,20.57%,-12.74%,3.18%,14.34%,4.29%,0.05%,12.59%,-0.63%,28.91%,-2.37%,-11.31%,-1.96%,-1.94%,-9.35%,-0.12%,12.65%,-3.86%,3.04%,-7.93%,-9.57%,-7.16%,2.01%,2.00%,20.07%,-1.41%,-3.01%,2.61%,5.64%,12.18%,28.99%,100.00%,7.52%,-14.92%,12.77%,0.63%,4.73%,18.20%,-3.38%,-3.05%,5.53%,-3.16%,14.18%,-4.86%,1.53%,20.81%,-9.00%,-4.81%,13.11%,-9.29%,23.13%,-9.86%,9.19%,-5.37%,-13.17%,0.23%
Salad,-7.48%,8.00%,-6.25%,-11.11%,-6.99%,-5.76%,-3.60%,-1.92%,17.35%,15.26%,-6.32%,-2.94%,6.87%,11.41%,1.33%,15.22%,-4.49%,2.41%,-1.68%,-14.58%,12.59%,2.08%,-1.47%,1.83%,-3.77%,5.89%,13.42%,-8.89%,-13.77%,-5.78%,-10.88%,10.82%,-4.05%,-1.39%,2.11%,-5.73%,3.22%,-2.09%,-2.65%,-5.46%,13.27%,11.40%,7.90%,-12.32%,-5.23%,-8.46%,8.15%,5.55%,11.37%,-9.66%,-2.14%,0.72%,-7.87%,8.89%,12.52%,22.36%,-0.55%,-8.66%,10.31%,6.22%,-1.85%,-10.20%,-12.54%,-10.88%,20.17%,6.74%,-9.62%,-2.86%,-13.91%,-2.30%,3.09%,-7.08%,5.09%,-1.68%,-13.98%,0.25%,7.12%,7.52%,100.00%,9.11%,19.63%,12.08%,-6.40%,-0.90%,16.64%,-11.28%,-4.60%,8.95%,6.62%,7.35%,4.41%,16.16%,-10.57%,-5.45%,-7.09%,-5.62%,7.52%,-9.79%,-4.74%,6.84%,-5.81%,24.09%
Sandwiches,3.84%,9.77%,-14.24%,-1.73%,7.17%,3.49%,-13.18%,-1.87%,10.55%,8.55%,4.22%,5.19%,-5.13%,-6.09%,7.96%,-1.45%,-4.28%,-0.53%,-5.54%,12.18%,-2.41%,-8.22%,-1.57%,-0.71%,-5.96%,-0.98%,30.10%,24.59%,-2.93%,0.66%,-5.32%,0.51%,6.03%,5.87%,1.80%,10.43%,-6.40%,-5.95%,12.56%,-5.10%,-2.61%,17.06%,8.00%,-5.44%,18.05%,-8.47%,-3.28%,-12.27%,5.72%,6.23%,-13.28%,-3.30%,-8.73%,8.60%,5.67%,-4.61%,-1.73%,-3.55%,1.04%,-6.03%,0.18%,-14.14%,2.96%,-10.73%,12.71%,-1.19%,-4.55%,-1.20%,-0.21%,13.19%,0.42%,-4.78%,13.03%,-10.18%,1.71%,-11.84%,7.52%,-14.92%,9.11%,100.00%,-14.93%,-0.97%,10.80%,-2.68%,-1.51%,-0.25%,-6.75%,-0.39%,0.33%,5.23%,0.61%,22.75%,28.11%,7.60%,22.03%,1.41%,6.16%,-5.17%,7.82%,9.94%,-3.43%,7.51%
Scandinavian,2.86%,-7.38%,-1.68%,6.96%,-2.79%,9.92%,-8.65%,-7.55%,-1.54%,13.10%,6.82%,-5.87%,-1.91%,14.02%,12.66%,9.29%,3.45%,-2.79%,3.36%,1.42%,11.44%,6.51%,-2.47%,4.11%,8.67%,8.96%,3.08%,-15.85%,-11.00%,6.14%,0.64%,9.88%,-6.06%,9.24%,-2.68%,-16.22%,16.77%,-5.62%,-4.50%,-6.50%,3.11%,8.59%,-7.07%,-4.77%,-5.45%,2.08%,0.20%,11.03%,-0.38%,-11.12%,4.02%,-11.17%,-12.84%,1.00%,14.53%,7.75%,6.28%,6.88%,3.84%,6.87%,-12.24%,-12.52%,0.71%,-16.02%,7.94%,6.78%,3.81%,-5.21%,5.88%,6.38%,-12.84%,-0.66%,5.24%,0.63%,-8.49%,-3.10%,-5.39%,12.77%,19.63%,-14.93%,100.00%,11.48%,10.71%,0.05%,3.75%,-13.41%,6.14%,18.72%,10.68%,-14.54%,12.98%,-4.43%,-6.22%,12.22%,-5.57%,-14.21%,5.03%,-16.36%,0.93%,8.33%,9.68%,0.18%
Scottish,-10.12%,2.36%,0.06%,4.75%,9.27%,-13.04%,-5.39%,-7.06%,14.70%,0.01%,-9.95%,8.07%,17.47%,14.08%,0.18%,21.39%,-3.38%,-6.70%,11.23%,-9.22%,-5.61%,-9.56%,5.84%,-4.07%,32.41%,4.31%,-7.87%,10.97%,-8.05%,14.46%,-7.37%,14.95%,-9.65%,-14.46%,3.65%,-8.55%,21.94%,-4.27%,3.23%,-8.04%,4.44%,5.14%,1.98%,-5.59%,8.13%,-2.97%,-3.72%,3.65%,-10.75%,5.21%,-8.51%,1.36%,0.80%,-14.89%,5.58%,5.33%,-10.32%,8.65%,3.84%,3.65%,17.40%,0.85%,-10.50%,15.16%,21.50%,-6.27%,-8.07%,17.05%,1.72%,11.79%,11.36%,-10.33%,3.41%,1.77%,0.84%,6.80%,-14.16%,0.63%,12.08%,-0.97%,11.48%,100.00%,10.97%,-9.24%,-5.79%,-9.51%,-6.21%,-9.12%,1.31%,-6.32%,21.36%,21.09%,-5.92%,1.18%,-5.11%,-3.52%,12.92%,12.03%,8.84%,25.36%,-10.76%,-8.72%
Seafood,19.38%,16.11%,-3.15%,-4.25%,6.10%,5.08%,-10.56%,-14.16%,13.89%,-10.73%,6.33%,10.80%,7.28%,-7.08%,4.23%,-8.36%,-10.57%,1.22%,-6.91%,-11.00%,13.96%,-5.80%,7.96%,-10.41%,14.68%,27.51%,-5.41%,1.87%,5.06%,-12.64%,18.31%,-0.56%,7.98%,18.19%,-10.16%,10.47%,-4.10%,-9.65%,4.55%,13.72%,-4.40%,2.74%,-4.30%,12.15%,-2.82%,-9.22%,11.86%,-11.82%,6.82%,9.60%,5.19%,1.37%,5.82%,-5.74%,-6.72%,2.34%,-6.22%,-0.48%,-6.28%,10.28%,-5.67%,2.82%,-10.81%,1.22%,18.55%,-4.94%,8.90%,-4.90%,7.03%,-6.66%,-13.01%,-12.77%,-6.74%,12.15%,-7.30%,-8.87%,-8.83%,4.73%,-6.40%,10.80%,10.71%,10.97%,100.00%,-10.62%,-10.76%,-8.15%,-13.37%,4.70%,12.01%,7.55%,-8.07%,-8.75%,12.69%,-4.33%,-9.80%,-6.06%,7.10%,11.51%,2.91%,-2.47%,-1.00%,-6.01%
Singaporean,-14.35%,2.79%,9.88%,6.96%,12.44%,-13.51%,-11.60%,12.02%,-9.17%,10.73%,3.53%,-4.65%,-4.23%,-12.74%,-12.51%,-1.20%,-13.54%,-9.88%,-10.77%,-6.71%,1.69%,2.10%,-10.93%,-17.91%,-2.31%,-10.48%,-1.50%,-5.50%,14.14%,1.95%,11.35%,16.53%,12.67%,-2.02%,-0.45%,2.12%,-6.45%,-0.52%,-4.92%,4.51%,-10.91%,3.42%,-2.70%,8.90%,5.39%,2.04%,-6.10%,15.83%,2.82%,0.17%,19.19%,5.48%,1.28%,20.95%,3.97%,-0.67%,-2.56%,-3.35%,14.98%,9.57%,-13.91%,2.18%,-10.39%,3.08%,-0.84%,-9.18%,7.26%,-8.96%,4.33%,-4.42%,4.91%,-3.45%,2.45%,-0.78%,4.49%,5.61%,-7.63%,18.20%,-0.90%,-2.68%,0.05%,-9.24%,-10.62%,100.00%,1.09%,-4.28%,4.82%,-4.29%,11.38%,-0.92%,5.71%,-8.06%,-8.79%,-7.75%,-3.87%,-7.89%,4.23%,-12.46%,-8.50%,14.13%,-4.19%,11.59%
Slovakian,-2.81%,3.64%,-3.02%,-14.38%,-9.03%,-3.98%,1.16%,-0.82%,11.33%,1.54%,-14.37%,2.65%,-0.64%,-4.43%,14.69%,21.19%,7.09%,-13.88%,8.24%,5.91%,-8.55%,9.88%,3.74%,-0.17%,3.67%,-7.08%,5.61%,-13.79%,-13.03%,1.36%,-5.17%,12.89%,-8.36%,0.32%,0.12%,-12.68%,3.13%,-12.71%,8.58%,-13.25%,11.66%,19.88%,-10.36%,-13.91%,9.39%,5.62%,2.28%,-11.83%,18.33%,2.49%,-9.96%,0.69%,-2.30%,-12.41%,-10.01%,-3.92%,7.88%,0.22%,8.57%,-0.04%,-1.12%,2.01%,-5.50%,-6.32%,-11.60%,-2.22%,-13.05%,-13.04%,-4.49%,5.34%,5.91%,-13.58%,-4.46%,-12.16%,-8.66%,2.77%,3.05%,-3.38%,16.64%,-1.51%,3.75%,-5.79%,-10.76%,1.09%,100.00%,8.42%,0.55%,-1.29%,-1.67%,13.03%,-8.90%,-2.36%,-12.97%,-0.33%,0.48%,1.05%,15.29%,-7.41%,-5.32%,15.81%,-18.79%,9.36%
Soul_Food,-12.94%,0.33%,-0.13%,3.25%,-3.59%,0.38%,-4.95%,6.15%,11.90%,-10.66%,17.58%,-1.65%,-0.99%,3.91%,-3.10%,-11.66%,4.61%,-2.27%,-2.02%,-2.80%,5.51%,-5.98%,6.70%,1.91%,20.90%,11.16%,3.60%,-8.44%,-6.31%,-8.89%,-12.10%,0.22%,-11.57%,5.43%,-7.19%,4.46%,-11.97%,-4.95%,0.55%,-11.73%,3.63%,-8.55%,-13.29%,0.93%,15.12%,18.05%,1.74%,-2.76%,-11.60%,2.03%,8.92%,1.54%,-10.99%,1.69%,14.97%,-10.02%,2.00%,17.60%,-2.91%,-9.17%,-4.96%,0.58%,14.43%,12.64%,-3.83%,2.99%,-6.12%,-5.41%,-9.45%,19.11%,9.88%,-6.73%,-9.82%,-4.55%,6.60%,-2.57%,5.55%,-3.05%,-11.28%,-0.25%,-13.41%,-9.51%,-8.15%,-4.28%,8.42%,100.00%,-1.47%,-15.11%,-6.63%,-3.93%,0.93%,-11.44%,17.35%,7.20%,4.48%,10.02%,5.80%,9.47%,-8.86%,-11.54%,-7.09%,-1.01%
Soup,8.81%,-6.07%,-5.63%,4.70%,8.28%,-3.31%,12.23%,-0.47%,-14.78%,-2.33%,-3.34%,-8.66%,-5.10%,-2.73%,-4.66%,6.93%,-5.89%,16.60%,21.99%,-1.55%,3.94%,1.76%,12.92%,-12.89%,-6.86%,-11.84%,0.80%,3.84%,-2.79%,-11.84%,4.34%,2.18%,2.81%,-11.61%,1.25%,17.25%,-1.22%,-13.47%,-5.00%,-11.51%,-3.53%,-7.07%,-3.93%,11.63%,2.63%,13.33%,5.59%,-4.21%,11.53%,-15.28%,-4.94%,4.64%,4.77%,0.42%,11.12%,10.29%,2.43%,1.75%,-9.06%,7.86%,18.44%,2.76%,0.41%,-7.59%,-9.42%,2.49%,-4.54%,12.27%,-3.48%,-6.28%,1.97%,-4.85%,-1.39%,-6.89%,-13.04%,13.34%,-9.14%,5.53%,-4.60%,-6.75%,6.14%,-6.21%,-13.37%,4.82%,0.55%,-1.47%,100.00%,17.42%,-7.60%,-11.60%,2.04%,-7.83%,-0.57%,10.67%,-4.26%,0.96%,-6.34%,-7.80%,1.22%,-8.00%,-4.84%,-2.08%
Southern,25.73%,-5.81%,-5.67%,-4.97%,-1.72%,-0.61%,5.80%,12.85%,-5.81%,-5.10%,1.43%,16.92%,-2.63%,-12.79%,8.15%,7.08%,1.53%,7.57%,-6.98%,-2.17%,8.35%,6.09%,1.38%,-17.59%,-0.43%,-11.48%,13.29%,-15.16%,-0.85%,-15.18%,10.20%,-3.29%,-3.30%,5.13%,-12.30%,-7.15%,3.94%,5.03%,-4.97%,-6.31%,-8.78%,-7.69%,5.17%,0.38%,-1.30%,-10.91%,-3.22%,1.58%,0.74%,-11.30%,11.24%,5.54%,-4.19%,-2.16%,-5.86%,-4.41%,-7.65%,-3.70%,2.15%,-2.96%,7.50%,-13.82%,5.63%,-3.37%,-1.64%,-11.64%,-10.99%,3.19%,-12.51%,3.25%,-2.89%,-7.47%,0.70%,7.57%,-8.14%,8.37%,12.40%,-3.16%,8.95%,-0.39%,18.72%,-9.12%,4.70%,-4.29%,-1.29%,-15.11%,17.42%,100.00%,-8.98%,-12.31%,-4.76%,-8.30%,-0.49%,1.40%,1.09%,-0.53%,-14.87%,-7.00%,7.90%,-0.32%,0.38%,8.35%
Spanish,-7.51%,-2.16%,1.23%,-5.79%,-11.94%,8.60%,-10.03%,-7.26%,8.45%,-7.01%,19.68%,-3.97%,-5.19%,-4.97%,-8.25%,-5.63%,-0.20%,-12.23%,-9.26%,-16.39%,-4.35%,-16.21%,-13.10%,-5.35%,-7.09%,9.28%,-6.55%,-16.15%,-8.39%,-11.53%,2.17%,1.66%,-6.79%,23.50%,-3.73%,-6.50%,12.76%,3.35%,6.17%,-2.86%,-5.10%,1.71%,1.86%,-2.09%,7.82%,-6.72%,6.09%,-2.94%,15.57%,-13.33%,14.36%,-2.41%,-4.94%,-4.06%,2.44%,26.43%,9.09%,0.86%,8.20%,11.67%,-0.90%,-12.76%,0.29%,-2.43%,9.67%,2.98%,16.48%,-10.42%,4.37%,11.77%,6.41%,2.78%,1.93%,1.13%,16.36%,-10.48%,5.83%,14.18%,6.62%,0.33%,10.68%,1.31%,12.01%,11.38%,-1.67%,-6.63%,-7.60%,-8.98%,100.00%,3.40%,-2.47%,8.05%,20.02%,6.58%,22.91%,1.24%,-2.69%,5.03%,-11.87%,-8.91%,6.56%,5.74%
Steakhouses,1.35%,-2.58%,-8.73%,-7.57%,4.68%,6.03%,22.74%,3.23%,7.89%,-3.13%,-9.72%,-6.16%,8.95%,10.36%,13.97%,10.98%,1.29%,-1.85%,1.88%,-8.55%,-9.45%,-8.82%,2.22%,0.70%,-6.95%,1.17%,-0.85%,11.29%,1.54%,0.47%,1.40%,10.05%,1.02%,-0.27%,3.91%,-1.23%,0.08%,-12.82%,-7.53%,1.70%,2.91%,17.12%,-7.37%,-10.84%,5.37%,-8.58%,4.01%,-8.01%,8.82%,4.83%,5.82%,4.86%,-6.16%,-5.79%,-6.01%,4.44%,6.54%,5.07%,5.44%,12.91%,-10.39%,3.98%,8.02%,-10.09%,-10.55%,5.25%,-1.66%,2.14%,-10.35%,0.10%,-14.34%,-0.97%,0.94%,3.69%,13.44%,1.62%,-10.53%,-4.86%,7.35%,5.23%,-14.54%,-6.32%,7.55%,-0.92%,13.03%,-3.93%,-11.60%,-12.31%,3.40%,100.00%,-1.85%,-9.27%,-13.18%,-1.31%,-6.74%,-8.09%,27.88%,-1.72%,0.08%,8.72%,-10.39%,21.01%
Sushi_Bars,-6.72%,1.15%,-3.72%,16.81%,26.59%,-12.32%,0.90%,14.26%,-2.81%,25.12%,4.97%,-5.29%,10.03%,7.00%,-3.62%,8.59%,-6.17%,-6.96%,13.59%,10.65%,4.89%,-8.66%,1.58%,7.36%,-8.20%,-11.39%,9.49%,6.04%,-12.72%,9.49%,5.52%,15.25%,0.13%,-11.99%,1.16%,-17.09%,6.20%,2.13%,-10.12%,-7.63%,0.14%,0.53%,5.89%,0.42%,-12.37%,5.07%,-11.97%,7.15%,-9.06%,6.09%,7.77%,-16.57%,-2.30%,-12.07%,-6.93%,1.07%,-1.16%,7.63%,-5.21%,-9.47%,2.86%,8.57%,-4.05%,-1.09%,2.29%,-8.85%,-10.74%,11.37%,10.82%,1.68%,18.90%,-13.16%,-8.28%,0.16%,-6.29%,-8.28%,-9.37%,1.53%,4.41%,0.61%,12.98%,21.36%,-8.07%,5.71%,-8.90%,0.93%,2.04%,-4.76%,-2.47%,-1.85%,100.00%,3.56%,-5.92%,-11.74%,-5.30%,-4.07%,-9.12%,-3.85%,-11.25%,8.85%,-1.28%,-0.59%
Taiwanese,-0.59%,3.04%,-6.77%,-0.89%,-1.88%,1.87%,-6.12%,-2.39%,23.78%,-4.89%,-4.86%,-1.29%,16.85%,0.54%,0.52%,2.73%,5.65%,-1.11%,1.36%,-7.27%,-8.36%,-1.95%,-8.91%,21.00%,-6.62%,4.11%,-4.44%,22.57%,3.93%,3.76%,-6.74%,4.29%,0.31%,-2.52%,-12.11%,-8.61%,11.11%,-8.95%,15.93%,2.16%,-9.54%,0.38%,33.20%,-0.94%,-4.90%,-10.45%,-5.50%,-2.73%,-6.40%,-2.37%,-9.21%,0.49%,4.70%,-4.85%,-3.02%,-0.01%,-2.32%,0.29%,3.75%,-10.65%,8.56%,-7.20%,2.87%,0.03%,7.68%,-8.00%,-9.15%,4.69%,-5.59%,4.88%,34.02%,7.42%,4.91%,-6.51%,14.06%,-6.84%,21.74%,20.81%,16.16%,22.75%,-4.43%,21.09%,-8.75%,-8.06%,-2.36%,-11.44%,-7.83%,-8.30%,8.05%,-9.27%,3.56%,100.00%,-10.23%,-10.81%,15.13%,-1.29%,11.93%,-4.21%,1.41%,10.19%,-7.01%,11.36%
Tapas_Bars,-3.74%,-14.15%,-0.37%,8.17%,4.29%,11.83%,-10.79%,-8.81%,-6.36%,-12.85%,12.99%,-5.47%,-13.09%,-5.82%,2.16%,-3.18%,-4.66%,3.75%,-2.97%,4.47%,11.21%,0.55%,5.57%,9.49%,17.59%,22.45%,4.11%,1.84%,-11.69%,-12.07%,3.22%,-16.49%,-7.25%,22.00%,-7.01%,0.69%,2.88%,-1.83%,-11.01%,0.99%,5.47%,-6.64%,4.12%,12.11%,-0.69%,-3.58%,22.67%,-2.31%,11.68%,-4.48%,14.00%,-5.46%,-0.17%,1.29%,30.37%,2.35%,3.86%,11.62%,2.13%,-0.37%,10.41%,-9.88%,-12.95%,3.43%,6.76%,-0.51%,1.28%,-9.28%,-1.43%,-5.17%,-5.94%,-3.74%,-6.07%,-8.46%,3.92%,3.75%,-13.52%,-9.00%,-10.57%,28.11%,-6.22%,-5.92%,12.69%,-8.79%,-12.97%,17.35%,-0.57%,-0.49%,20.02%,-13.18%,-5.92%,-10.23%,100.00%,32.46%,20.62%,-1.14%,-5.66%,30.48%,-5.39%,-11.70%,-6.01%,1.44%
Tapas/Small_Plates,13.61%,-10.44%,6.28%,5.86%,-5.93%,-7.60%,4.53%,-10.96%,-8.43%,-3.96%,4.91%,-12.51%,-11.00%,15.59%,3.43%,-11.95%,-16.42%,3.84%,4.08%,-2.18%,-5.75%,-10.80%,-3.85%,1.31%,8.85%,-9.63%,5.84%,5.74%,-0.30%,-4.31%,-5.88%,2.55%,-5.33%,27.30%,-13.37%,-15.09%,4.40%,6.40%,-11.90%,-6.57%,3.40%,13.57%,-5.23%,3.60%,-3.31%,13.27%,-0.72%,2.53%,-3.20%,-7.06%,-1.95%,-5.06%,-7.33%,4.38%,8.34%,2.56%,2.23%,35.38%,0.17%,-6.00%,9.88%,-10.77%,1.73%,4.14%,-9.73%,-1.96%,4.19%,11.63%,8.37%,10.98%,-8.13%,-5.45%,2.97%,10.88%,-8.68%,-1.79%,-11.56%,-4.81%,-5.45%,7.60%,12.22%,1.18%,-4.33%,-7.75%,-0.33%,7.20%,10.67%,1.40%,6.58%,-1.31%,-11.74%,-10.81%,32.46%,100.00%,16.79%,18.33%,5.15%,13.44%,-12.94%,-6.19%,-6.17%,-12.60%
Tex-Mex,14.70%,5.39%,7.51%,-2.31%,-9.30%,28.74%,-9.30%,2.12%,-2.52%,0.59%,-2.21%,-8.67%,-15.44%,-6.35%,4.62%,0.54%,-3.02%,-1.87%,2.91%,15.24%,-14.21%,-6.10%,-12.12%,-0.45%,-1.06%,-11.93%,3.96%,-7.25%,1.17%,4.19%,-13.93%,0.02%,-8.82%,8.34%,-14.94%,-9.72%,11.61%,-12.55%,5.32%,-14.38%,-10.30%,7.05%,9.36%,-10.62%,7.82%,-8.83%,-1.32%,11.95%,9.47%,7.85%,-13.75%,-4.86%,-10.31%,9.16%,21.86%,6.79%,2.36%,13.34%,-14.55%,-4.28%,7.66%,-10.40%,11.84%,4.93%,-7.95%,-7.21%,18.58%,0.25%,13.32%,13.32%,23.26%,3.59%,7.95%,-2.56%,33.99%,3.01%,12.53%,13.11%,-7.09%,22.03%,-5.57%,-5.11%,-9.80%,-3.87%,0.48%,4.48%,-4.26%,1.09%,22.91%,-6.74%,-5.30%,15.13%,20.62%,16.79%,100.00%,1.54%,-12.79%,-6.88%,3.59%,-11.82%,-8.49%,-4.60%
Thai,-9.71%,-4.51%,2.06%,-0.74%,-0.03%,-2.40%,-1.65%,-1.15%,-0.33%,-0.33%,-1.16%,-14.55%,12.00%,5.16%,-14.74%,-7.53%,-7.56%,0.85%,-9.69%,5.64%,3.22%,-3.26%,-8.08%,-10.70%,-13.76%,-11.23%,-6.41%,10.31%,4.50%,-15.00%,5.38%,-6.09%,6.07%,7.35%,6.41%,-4.76%,-13.37%,2.80%,-6.47%,-2.00%,-2.72%,11.64%,-14.76%,-1.07%,8.78%,5.70%,-6.97%,-5.44%,14.15%,-13.33%,15.99%,6.16%,4.57%,-2.89%,14.04%,-1.05%,8.41%,0.93%,1.57%,-6.83%,-9.82%,-5.06%,2.84%,10.97%,-2.12%,-14.44%,7.96%,-0.15%,0.30%,11.62%,-4.39%,4.79%,24.96%,8.05%,-5.52%,-5.12%,-10.10%,-9.29%,-5.62%,1.41%,-14.21%,-3.52%,-6.06%,-7.89%,1.05%,10.02%,0.96%,-0.53%,1.24%,-8.09%,-4.07%,-1.29%,-1.14%,18.33%,1.54%,100.00%,-4.47%,-5.05%,-5.32%,1.23%,21.86%,-13.11%
Turkish,-5.20%,-7.34%,-9.95%,2.44%,-4.56%,-12.54%,7.45%,7.60%,2.90%,-13.09%,-10.31%,-8.10%,28.46%,-5.44%,7.68%,4.03%,5.15%,1.36%,18.46%,-1.68%,-7.31%,-12.07%,1.14%,2.44%,17.29%,16.48%,-12.23%,-2.44%,-8.04%,4.66%,-3.42%,11.69%,2.43%,0.40%,-0.58%,-17.25%,11.82%,-7.78%,-4.12%,15.36%,3.86%,8.87%,2.12%,-8.93%,8.04%,22.53%,-3.06%,5.91%,1.55%,1.59%,6.00%,-0.12%,6.33%,-8.36%,-1.49%,4.27%,-3.47%,-1.74%,9.79%,20.77%,1.84%,-4.14%,3.78%,-8.63%,-3.86%,6.18%,-1.80%,-6.50%,-2.69%,-0.19%,1.59%,-2.14%,-11.64%,-5.65%,-11.68%,12.63%,3.08%,23.13%,7.52%,6.16%,5.03%,12.92%,7.10%,4.23%,15.29%,5.80%,-6.34%,-14.87%,-2.69%,27.88%,-9.12%,11.93%,-5.66%,5.15%,-12.79%,-4.47%,100.00%,-11.56%,-5.81%,19.97%,-11.53%,22.90%
Ukrainian,-13.74%,-0.43%,13.81%,1.14%,15.14%,-3.57%,-1.01%,-4.92%,13.14%,-7.48%,6.91%,16.90%,-4.83%,-8.17%,-8.19%,-9.68%,-3.54%,1.14%,-6.45%,-8.56%,-7.03%,-11.33%,8.09%,22.16%,19.55%,35.12%,-6.21%,18.70%,-11.06%,-3.66%,-10.42%,-0.80%,-11.50%,15.21%,-5.82%,6.87%,-8.79%,-4.31%,9.26%,-3.21%,-3.52%,-7.79%,8.47%,5.71%,-9.59%,8.86%,3.83%,-4.67%,6.88%,0.89%,-7.44%,-3.25%,5.34%,-4.16%,-6.50%,5.86%,-6.51%,25.31%,-7.08%,4.13%,11.50%,6.25%,-5.49%,21.26%,7.70%,8.31%,-15.10%,0.91%,-11.13%,-11.46%,3.09%,6.92%,-7.65%,-10.95%,-7.10%,-5.12%,4.86%,-9.86%,-9.79%,-5.17%,-16.36%,12.03%,11.51%,-12.46%,-7.41%,9.47%,-7.80%,-7.00%,5.03%,-1.72%,-3.85%,-4.21%,30.48%,13.44%,-6.88%,-5.05%,-11.56%,100.00%,-6.17%,-4.14%,1.38%,-6.94%
Uzbek,-5.90%,-6.35%,-3.88%,7.37%,-10.52%,7.79%,3.24%,8.10%,-6.94%,4.75%,-2.42%,0.49%,1.66%,-2.56%,8.69%,-10.80%,3.23%,10.32%,14.94%,-9.72%,5.22%,10.84%,-8.69%,0.50%,13.52%,-7.53%,8.49%,-5.72%,2.91%,0.67%,-8.19%,2.25%,-9.76%,-0.18%,10.85%,16.61%,1.17%,-11.98%,16.35%,-2.86%,16.82%,6.93%,-5.74%,-17.18%,18.98%,-6.07%,8.77%,5.22%,-9.21%,0.47%,-9.79%,6.21%,-10.53%,-5.56%,5.91%,31.24%,-6.73%,-11.73%,-5.28%,-13.35%,1.60%,-18.90%,12.02%,22.70%,-13.25%,8.82%,-9.01%,-12.46%,6.50%,4.04%,-6.14%,4.62%,19.68%,-6.74%,10.80%,16.28%,5.75%,9.19%,-4.74%,7.82%,0.93%,8.84%,2.91%,-8.50%,-5.32%,-8.86%,1.22%,7.90%,-11.87%,0.08%,-11.25%,1.41%,-5.39%,-12.94%,3.59%,-5.32%,-5.81%,-6.17%,100.00%,-10.18%,13.42%,-4.24%
Vegan,3.08%,1.03%,-7.32%,-5.59%,-5.22%,-7.14%,8.80%,-11.22%,17.62%,3.22%,8.14%,-10.75%,8.04%,1.26%,-8.85%,31.80%,-8.05%,0.06%,-5.45%,-11.25%,-3.53%,-12.32%,-4.89%,4.68%,2.65%,-5.89%,-3.60%,1.28%,-8.15%,12.58%,-6.40%,-1.47%,-10.40%,-3.79%,-6.15%,-7.23%,17.92%,-9.20%,7.02%,3.56%,-3.86%,17.33%,-9.52%,-3.25%,6.84%,11.43%,-4.78%,30.53%,4.60%,-8.51%,6.75%,-2.73%,-2.40%,-8.83%,-4.12%,-4.76%,-5.29%,-8.59%,14.64%,6.12%,-8.90%,5.39%,-14.28%,-7.97%,-4.64%,-7.22%,-12.40%,21.32%,2.85%,3.99%,-9.20%,2.87%,8.66%,-2.60%,-9.07%,27.65%,-8.94%,-5.37%,6.84%,9.94%,8.33%,25.36%,-2.47%,14.13%,15.81%,-11.54%,-8.00%,-0.32%,-8.91%,8.72%,8.85%,10.19%,-11.70%,-6.19%,-11.82%,1.23%,19.97%,-4.14%,-10.18%,100.00%,-4.08%,9.33%
Vegetarian,-12.61%,-12.66%,2.12%,3.18%,-8.36%,1.01%,-8.18%,4.65%,10.49%,-5.23%,37.11%,4.62%,-2.86%,-0.53%,-9.06%,-12.16%,-5.29%,7.20%,12.88%,-5.52%,2.27%,-17.22%,6.28%,1.32%,-6.23%,13.09%,17.61%,-0.66%,-0.97%,-8.04%,6.84%,-7.47%,2.24%,-2.87%,24.44%,2.96%,-13.01%,15.65%,11.38%,9.81%,9.91%,4.46%,-8.73%,1.22%,3.39%,-9.80%,-15.75%,-11.63%,8.30%,-12.45%,3.28%,-2.18%,12.28%,-9.55%,-1.88%,17.78%,23.90%,-11.91%,-2.65%,-13.86%,-13.25%,-4.06%,-11.62%,15.83%,1.41%,-0.12%,18.30%,-12.33%,-1.25%,4.42%,-10.84%,6.30%,19.17%,22.52%,-14.49%,-9.00%,-11.87%,-13.17%,-5.81%,-3.43%,9.68%,-10.76%,-1.00%,-4.19%,-18.79%,-7.09%,-4.84%,0.38%,6.56%,-10.39%,-1.28%,-7.01%,-6.01%,-6.17%,-8.49%,21.86%,-11.53%,1.38%,13.42%,-4.08%,100.00%,0.51%
Vietnamese,-15.53%,1.94%,-12.57%,4.52%,7.92%,-3.80%,18.11%,8.00%,6.93%,-8.53%,12.64%,-5.63%,-13.53%,-15.16%,-5.64%,-1.97%,-13.04%,4.26%,15.60%,-9.33%,11.20%,-9.78%,17.20%,0.25%,-6.81%,-2.50%,1.46%,-4.86%,-10.87%,-2.64%,17.86%,14.28%,12.51%,-8.04%,1.55%,-11.14%,-2.41%,-11.58%,2.30%,-4.48%,-2.03%,5.41%,13.40%,8.36%,2.22%,-10.59%,17.73%,-11.89%,17.45%,-9.65%,7.88%,8.87%,-2.23%,-7.67%,9.90%,-3.36%,11.67%,-17.53%,20.23%,7.38%,1.99%,-11.29%,-13.75%,-4.54%,2.45%,-3.27%,-8.94%,10.95%,1.24%,-2.21%,10.76%,-3.84%,-3.46%,1.29%,15.96%,5.48%,-12.36%,0.23%,24.09%,7.51%,0.18%,-8.72%,-6.01%,11.59%,9.36%,-1.01%,-2.08%,8.35%,5.74%,21.01%,-0.59%,11.36%,1.44%,-12.60%,-4.60%,-13.11%,22.90%,-6.94%,-4.24%,9.33%,0.51%,100.00%
